🚀 鼎勝王朝語音 Bot 啟動中...
📦 雙引擎模式：IndexTTS2（預設）/ VoxCPM2 / Edge TTS
💡 模型按需載入，啟動時零 VRAM
[2026-04-28 19:22:11] [INFO    ] discord.client: logging in using static token
2026-04-28 19:22:11,887 [INFO] discord.client: logging in using static token
[2026-04-28 19:22:13] [INFO    ] discord.gateway: Shard ID None has connected to Gateway (Session ID: f5806d70e6f312d449235c53c8aa4b26).
2026-04-28 19:22:13,256 [INFO] discord.gateway: Shard ID None has connected to Gateway (Session ID: f5806d70e6f312d449235c53c8aa4b26).
✅ 王朝語音 Bot 已上線：崴勝王朝語音Bot#7480
   輸出模式：auto
   VRAM 策略：按需載入（預設 IndexTTS2）
   當前引擎：indextts
   Slash 指令已同步：3
   ⏰ morning scheduler background task 已建立
⏰ Morning scheduler 已啟動
   🔌 內部 API 已啟動：http://127.0.0.1:8890
2026-04-28 19:22:56,949 [INFO] director_parser: 分批解析：4 個場景
2026-04-28 19:22:56,949 [INFO] director_parser: [並行] 同時處理 4 個場景
2026-04-28 19:22:56,949 [INFO] director_parser:   場景 1/4：「第一幕：三個和尚沒水喝」（940 字）
2026-04-28 19:22:56,949 [INFO] director_parser:   場景 2/4：「第二幕：總管復活」（599 字）
2026-04-28 19:22:56,950 [INFO] director_parser:   場景 3/4：「第三幕：生死之門」（664 字）
2026-04-28 19:22:56,950 [INFO] director_parser:   場景 4/4：「場景4」（240 字）
2026-04-28 19:23:28,198 [INFO] httpx: HTTP Request: POST https://api.z.ai/api/coding/paas/v4/chat/completions "HTTP/1.1 200 OK"
2026-04-28 19:23:28,203 [INFO] director_parser:   場景 4 完成：1 段
2026-04-28 19:23:52,843 [INFO] httpx: HTTP Request: POST https://api.z.ai/api/coding/paas/v4/chat/completions "HTTP/1.1 200 OK"
2026-04-28 19:23:52,844 [INFO] director_parser:   場景 3 完成：7 段
2026-04-28 19:24:00,741 [INFO] httpx: HTTP Request: POST https://api.z.ai/api/coding/paas/v4/chat/completions "HTTP/1.1 200 OK"
2026-04-28 19:24:00,741 [INFO] director_parser:   場景 2 完成：6 段
2026-04-28 19:24:07,546 [INFO] httpx: HTTP Request: POST https://api.z.ai/api/coding/paas/v4/chat/completions "HTTP/1.1 200 OK"
2026-04-28 19:24:07,547 [INFO] director_parser:   場景 1 完成：5 段
2026-04-28 19:24:07,548 [INFO] director_parser: [並行] 完成 4/4，失敗 0
2026-04-28 19:24:07,548 [INFO] director_parser: [校稿] 原始劇本音場標記：['studio', 'studio', 'studio', 'studio']
2026-04-28 19:24:07,548 [INFO] director_parser: [校稿] JSON 音場設定：{1: 'studio', 2: 'studio', 3: 'studio', 4: 'studio'}
2026-04-28 19:24:07,548 [WARNING] director_parser: [校稿] ⚠️ 可能有 1 段台詞未收入 segments：['🌸 待詔·唐伯虎｜旁白：🔮 李淳風']
2026-04-28 19:24:07,548 [INFO] director_parser: 分批解析完成：19 段 / 4 場景
2026-04-28 19:24:07,549 [WARNING] director_parser: 快取寫入失敗：Object of type date is not JSON serializable
[drama-cache] miss: no cache dir or manifest for 3b1f8b660bc3
[drama] >>> synth start seg 1/19 禮部·紀曉嵐 (voice=禮部·紀曉嵐)
[drama] <<< synth done seg 1 12.4s fallback=
[drama] 1/19 禮部·紀曉嵐 | alloc=0.0 reserved=0.0 nvidia=7623 MB | seg_dur=17.06s cursor=18.1s
[drama] >>> synth start seg 2/19 待詔·唐伯虎 (voice=待詔·唐伯虎)
[drama] <<< synth done seg 2 13.2s fallback=
[drama] 2/19 待詔·唐伯虎 | alloc=0.0 reserved=0.0 nvidia=8057 MB | seg_dur=18.83s cursor=37.4s
[drama] >>> synth start seg 3/19 禮部·紀曉嵐 (voice=禮部·紀曉嵐)
[drama] <<< synth done seg 3 15.8s fallback=
[drama] 3/19 禮部·紀曉嵐 | alloc=0.0 reserved=0.0 nvidia=7743 MB | seg_dur=23.61s cursor=61.5s
[drama] >>> synth start seg 4/19 待詔·唐伯虎 (voice=待詔·唐伯虎)
[drama] <<< synth done seg 4 9.7s fallback=
[drama] 4/19 待詔·唐伯虎 | alloc=0.0 reserved=0.0 nvidia=7699 MB | seg_dur=13.15s cursor=75.1s
[drama] >>> synth start seg 5/19 禮部·紀曉嵐 (voice=禮部·紀曉嵐)
[drama] <<< synth done seg 5 10.0s fallback=
[drama] 5/19 禮部·紀曉嵐 | alloc=0.0 reserved=0.0 nvidia=7645 MB | seg_dur=14.11s cursor=89.8s
[drama] >>> synth start seg 6/19 禮部·紀曉嵐 (voice=禮部·紀曉嵐)
[drama] <<< synth done seg 6 3.2s fallback=
[drama] 6/19 禮部·紀曉嵐 | alloc=0.0 reserved=0.0 nvidia=7645 MB | seg_dur=3.25s cursor=94.0s
[drama] >>> synth start seg 7/19 待詔·唐伯虎 (voice=待詔·唐伯虎)
[drama] <<< synth done seg 7 7.9s fallback=
[drama] 7/19 待詔·唐伯虎 | alloc=0.0 reserved=0.0 nvidia=7709 MB | seg_dur=9.90s cursor=104.4s
[drama] >>> synth start seg 8/19 禮部·紀曉嵐 (voice=禮部·紀曉嵐)
[drama] <<< synth done seg 8 8.8s fallback=
[drama] 8/19 禮部·紀曉嵐 | alloc=0.0 reserved=0.0 nvidia=7679 MB | seg_dur=12.02s cursor=116.9s
[drama] >>> synth start seg 9/19 待詔·唐伯虎 (voice=待詔·唐伯虎)
[drama] <<< synth done seg 9 7.5s fallback=
[drama] 9/19 待詔·唐伯虎 | alloc=0.0 reserved=0.0 nvidia=7709 MB | seg_dur=9.50s cursor=126.9s
[drama] >>> synth start seg 10/19 禮部·紀曉嵐 (voice=禮部·紀曉嵐)
[drama] <<< synth done seg 10 9.4s fallback=
[drama] 10/19 禮部·紀曉嵐 | alloc=0.0 reserved=0.0 nvidia=7743 MB | seg_dur=13.08s cursor=140.5s
[drama] >>> synth start seg 11/19 待詔·唐伯虎 (voice=待詔·唐伯虎)
[drama] <<< synth done seg 11 12.6s fallback=
[drama] 11/19 待詔·唐伯虎 | alloc=0.0 reserved=0.0 nvidia=8097 MB | seg_dur=16.91s cursor=157.9s
[drama] >>> synth start seg 12/19 禮部·紀曉嵐 (voice=禮部·紀曉嵐)
[drama] <<< synth done seg 12 3.2s fallback=
[drama] 12/19 禮部·紀曉嵐 | alloc=0.0 reserved=0.0 nvidia=7199 MB | seg_dur=2.89s cursor=161.8s
[drama] >>> synth start seg 13/19 禮部·紀曉嵐 (voice=禮部·紀曉嵐)
[drama] <<< synth done seg 13 10.0s fallback=
[drama] 13/19 禮部·紀曉嵐 | alloc=0.0 reserved=0.0 nvidia=7743 MB | seg_dur=14.25s cursor=176.5s
[drama] >>> synth start seg 14/19 待詔·唐伯虎 (voice=待詔·唐伯虎)
[drama] <<< synth done seg 14 7.6s fallback=
[drama] 14/19 待詔·唐伯虎 | alloc=0.0 reserved=0.0 nvidia=7815 MB | seg_dur=9.72s cursor=186.8s
[drama] >>> synth start seg 15/19 禮部·紀曉嵐 (voice=禮部·紀曉嵐)
[drama] <<< synth done seg 15 10.0s fallback=
[drama] 15/19 禮部·紀曉嵐 | alloc=0.0 reserved=0.0 nvidia=7665 MB | seg_dur=14.19s cursor=201.5s
[drama] >>> synth start seg 16/19 待詔·唐伯虎 (voice=待詔·唐伯虎)
[drama] <<< synth done seg 16 6.2s fallback=
[drama] 16/19 待詔·唐伯虎 | alloc=0.0 reserved=0.0 nvidia=7693 MB | seg_dur=7.42s cursor=209.4s
[drama] >>> synth start seg 17/19 禮部·紀曉嵐 (voice=禮部·紀曉嵐)
[drama] <<< synth done seg 17 10.3s fallback=
[drama] 17/19 禮部·紀曉嵐 | alloc=0.0 reserved=0.0 nvidia=7743 MB | seg_dur=14.94s cursor=224.8s
[drama] >>> synth start seg 18/19 待詔·唐伯虎 (voice=待詔·唐伯虎)
[drama] <<< synth done seg 18 4.5s fallback=
[drama] 18/19 待詔·唐伯虎 | alloc=0.0 reserved=0.0 nvidia=7515 MB | seg_dur=4.50s cursor=229.8s
[drama] >>> synth start seg 19/19 禮部·紀曉嵐 (voice=禮部·紀曉嵐)
[drama] <<< synth done seg 19 14.1s fallback=
[drama] 19/19 禮部·紀曉嵐 | alloc=0.0 reserved=0.0 nvidia=7821 MB | seg_dur=21.04s cursor=250.9s
[drama] checkpoint 已清理：/home/hermes01/projects/VoxCPM/test_output/voice_bot/checkpoint_1777375447906
[drama-cache] ✅ 快取已寫入 3b1f8b660bc3（19 段）
[drama-cache] ✅ 快取命中 3b1f8b660bc3（19 段）
[drama-cache] 快取載入完成，duration=250.9s
[2026-04-28 19:27:31] [INFO    ] discord.voice_state: Connecting to voice...
2026-04-28 19:27:31,894 [INFO] discord.voice_state: Connecting to voice...
[2026-04-28 19:27:31] [INFO    ] discord.voice_state: Starting voice handshake... (connection attempt 1)
2026-04-28 19:27:31,894 [INFO] discord.voice_state: Starting voice handshake... (connection attempt 1)
[2026-04-28 19:27:32] [INFO    ] discord.voice_state: Voice handshake complete. Endpoint found: c-hkg10-daaa1d3d.discord.media:443
2026-04-28 19:27:32,517 [INFO] discord.voice_state: Voice handshake complete. Endpoint found: c-hkg10-daaa1d3d.discord.media:443
[2026-04-28 19:27:32] [INFO    ] discord.voice_state: Voice connection complete.
2026-04-28 19:27:32,735 [INFO] discord.voice_state: Voice connection complete.
[aist#0:0/pcm_s16le @ 0x56fc9fed4380] Guessed Channel Layout: mono
Multiple -ac options specified for stream 0, only the last option '-ac 2' will be used.
Multiple -ar options specified for stream 0, only the last option '-ar 48000' will be used.
[2026-04-28 19:31:43] [INFO    ] discord.player: ffmpeg process 921469 successfully terminated with return code of 0.
2026-04-28 19:31:43,600 [INFO] discord.player: ffmpeg process 921469 successfully terminated with return code of 0.
[2026-04-28 20:23:30] [INFO    ] discord.gateway: Shard ID None has successfully RESUMED session f5806d70e6f312d449235c53c8aa4b26.
2026-04-28 20:23:30,988 [INFO] discord.gateway: Shard ID None has successfully RESUMED session f5806d70e6f312d449235c53c8aa4b26.
2026-04-28 20:38:31,621 [INFO] director_parser: 分批解析：7 個場景
2026-04-28 20:38:31,621 [INFO] director_parser: [並行] 同時處理 7 個場景
2026-04-28 20:38:31,621 [INFO] director_parser:   場景 1/7：「第一幕：穀雨時節的雷雨」（774 字）
2026-04-28 20:38:31,622 [INFO] director_parser:   場景 2/7：「第二幕：系統健康的黃燈」（512 字）
2026-04-28 20:38:31,623 [INFO] director_parser:   場景 3/7：「第三幕：制度盤查的奇蹟」（595 字）
2026-04-28 20:38:31,624 [INFO] director_parser:   場景 4/7：「第四幕：化石的延續」（402 字）
2026-04-28 20:38:31,624 [INFO] director_parser:   場景 5/7：「第五幕：週末的好天氣」（505 字）
2026-04-28 20:38:31,625 [INFO] director_parser:   場景 6/7：「第六幕：勞動節的到來」（466 字）
2026-04-28 20:38:31,625 [INFO] director_parser:   場景 7/7：「場景7」（704 字）
2026-04-28 20:39:24,392 [INFO] httpx: HTTP Request: POST https://api.z.ai/api/coding/paas/v4/chat/completions "HTTP/1.1 200 OK"
2026-04-28 20:39:24,393 [INFO] director_parser:   場景 7 完成：2 段
2026-04-28 20:39:45,909 [INFO] httpx: HTTP Request: POST https://api.z.ai/api/coding/paas/v4/chat/completions "HTTP/1.1 200 OK"
2026-04-28 20:39:45,910 [INFO] director_parser:   場景 6 完成：11 段
2026-04-28 20:39:59,509 [INFO] httpx: HTTP Request: POST https://api.z.ai/api/coding/paas/v4/chat/completions "HTTP/1.1 200 OK"
2026-04-28 20:39:59,510 [INFO] director_parser:   場景 2 完成：11 段
2026-04-28 20:40:09,667 [INFO] httpx: HTTP Request: POST https://api.z.ai/api/coding/paas/v4/chat/completions "HTTP/1.1 200 OK"
2026-04-28 20:40:09,668 [INFO] director_parser:   場景 3 完成：11 段
2026-04-28 20:40:09,973 [INFO] httpx: HTTP Request: POST https://api.z.ai/api/coding/paas/v4/chat/completions "HTTP/1.1 200 OK"
2026-04-28 20:40:09,974 [INFO] director_parser:   場景 5 完成：11 段
2026-04-28 20:40:13,834 [INFO] httpx: HTTP Request: POST https://api.z.ai/api/coding/paas/v4/chat/completions "HTTP/1.1 200 OK"
2026-04-28 20:40:13,834 [INFO] director_parser:   場景 4 完成：8 段
2026-04-28 20:40:22,017 [INFO] httpx: HTTP Request: POST https://api.z.ai/api/coding/paas/v4/chat/completions "HTTP/1.1 200 OK"
2026-04-28 20:40:22,018 [INFO] director_parser:   場景 1 完成：12 段
2026-04-28 20:40:22,019 [INFO] director_parser: [並行] 完成 7/7，失敗 0
2026-04-28 20:40:22,019 [INFO] director_parser: [校稿] 原始劇本音場標記：['rain', 'wind', 'none', 'none', 'none', 'none', 'studio']
2026-04-28 20:40:22,019 [INFO] director_parser: [校稿] JSON 音場設定：{1: 'rain', 2: 'wind', 3: 'none', 4: 'none', 5: 'none', 6: 'none', 7: 'studio'}
2026-04-28 20:40:22,019 [WARNING] director_parser: [校稿] ⚠️ 可能有 1 段台詞未收入 segments：['唐伯虎、紀曉嵐｜旁白：🔮 李淳風']
2026-04-28 20:40:22,019 [INFO] director_parser: 分批解析完成：66 段 / 7 場景
2026-04-28 20:40:22,020 [WARNING] director_parser: 快取寫入失敗：Object of type date is not JSON serializable
[drama-cache] miss: no cache dir or manifest for 1a1a3b37b078
[drama] >>> synth start seg 1/66 禮部·紀曉嵐 (voice=禮部·紀曉嵐)
[drama] <<< synth done seg 1 5.2s fallback=
[drama] 1/66 禮部·紀曉嵐 | alloc=0.0 reserved=0.0 nvidia=7823 MB | seg_dur=6.28s cursor=7.3s
[drama] >>> synth start seg 2/66 待詔·唐伯虎 (voice=待詔·唐伯虎)
[drama] <<< synth done seg 2 3.3s fallback=
[drama] 2/66 待詔·唐伯虎 | alloc=0.0 reserved=0.0 nvidia=7413 MB | seg_dur=2.37s cursor=10.1s
[drama] >>> synth start seg 3/66 禮部·紀曉嵐 (voice=禮部·紀曉嵐)
[drama] <<< synth done seg 3 2.3s fallback=
[drama] 3/66 禮部·紀曉嵐 | alloc=0.0 reserved=0.0 nvidia=7117 MB | seg_dur=1.00s cursor=11.6s
[drama] >>> synth start seg 4/66 待詔·唐伯虎 (voice=待詔·唐伯虎)
[drama] <<< synth done seg 4 4.5s fallback=
[drama] 4/66 待詔·唐伯虎 | alloc=0.0 reserved=0.0 nvidia=7495 MB | seg_dur=4.53s cursor=16.7s
[drama] >>> synth start seg 5/66 禮部·紀曉嵐 (voice=禮部·紀曉嵐)
[drama] <<< synth done seg 5 3.5s fallback=
[drama] 5/66 禮部·紀曉嵐 | alloc=0.0 reserved=0.0 nvidia=7221 MB | seg_dur=3.25s cursor=20.4s
[drama] >>> synth start seg 6/66 待詔·唐伯虎 (voice=待詔·唐伯虎)
[drama] <<< synth done seg 6 7.3s fallback=
[drama] 6/66 待詔·唐伯虎 | alloc=0.0 reserved=0.0 nvidia=7671 MB | seg_dur=8.94s cursor=29.9s
[drama] >>> synth start seg 7/66 禮部·紀曉嵐 (voice=禮部·紀曉嵐)
[drama] <<< synth done seg 7 2.6s fallback=
[drama] 7/66 禮部·紀曉嵐 | alloc=0.0 reserved=0.0 nvidia=7163 MB | seg_dur=1.89s cursor=32.3s
[drama] >>> synth start seg 8/66 待詔·唐伯虎 (voice=待詔·唐伯虎)
[drama] <<< synth done seg 8 3.3s fallback=
[drama] 8/66 待詔·唐伯虎 | alloc=0.0 reserved=0.0 nvidia=7453 MB | seg_dur=2.79s cursor=35.5s
[drama] >>> synth start seg 9/66 禮部·紀曉嵐 (voice=禮部·紀曉嵐)
[drama] <<< synth done seg 9 2.1s fallback=
[drama] 9/66 禮部·紀曉嵐 | alloc=0.0 reserved=0.0 nvidia=7055 MB | seg_dur=1.01s cursor=37.1s
[drama] >>> synth start seg 10/66 待詔·唐伯虎 (voice=待詔·唐伯虎)
[drama] <<< synth done seg 10 5.6s fallback=
[drama] 10/66 待詔·唐伯虎 | alloc=0.0 reserved=0.0 nvidia=7635 MB | seg_dur=6.27s cursor=43.8s
[drama] >>> synth start seg 11/66 禮部·紀曉嵐 (voice=禮部·紀曉嵐)
[drama] <<< synth done seg 11 2.7s fallback=
[drama] 11/66 禮部·紀曉嵐 | alloc=0.0 reserved=0.0 nvidia=7179 MB | seg_dur=2.01s cursor=46.3s
[drama] >>> synth start seg 12/66 待詔·唐伯虎 (voice=待詔·唐伯虎)
[drama] <<< synth done seg 12 7.7s fallback=
[drama] 12/66 待詔·唐伯虎 | alloc=0.0 reserved=0.0 nvidia=7707 MB | seg_dur=9.80s cursor=56.6s
[drama] >>> synth start seg 13/66 禮部·紀曉嵐 (voice=禮部·紀曉嵐)
[drama] <<< synth done seg 13 3.2s fallback=
[drama] 13/66 禮部·紀曉嵐 | alloc=0.0 reserved=0.0 nvidia=7201 MB | seg_dur=3.05s cursor=60.7s
[drama] >>> synth start seg 14/66 禮部·紀曉嵐 (voice=禮部·紀曉嵐)
[drama] <<< synth done seg 14 2.6s fallback=
[drama] 14/66 禮部·紀曉嵐 | alloc=0.0 reserved=0.0 nvidia=7201 MB | seg_dur=1.95s cursor=63.1s
[drama] >>> synth start seg 15/66 待詔·唐伯虎 (voice=待詔·唐伯虎)
[drama] <<< synth done seg 15 8.9s fallback=
[drama] 15/66 待詔·唐伯虎 | alloc=0.0 reserved=0.0 nvidia=7833 MB | seg_dur=11.31s cursor=74.9s
[drama] >>> synth start seg 16/66 禮部·紀曉嵐 (voice=禮部·紀曉嵐)
[drama] <<< synth done seg 16 3.0s fallback=
[drama] 16/66 禮部·紀曉嵐 | alloc=0.0 reserved=0.0 nvidia=7159 MB | seg_dur=2.29s cursor=77.7s
[drama] >>> synth start seg 17/66 待詔·唐伯虎 (voice=待詔·唐伯虎)
[drama] <<< synth done seg 17 2.8s fallback=
[drama] 17/66 待詔·唐伯虎 | alloc=0.0 reserved=0.0 nvidia=7493 MB | seg_dur=1.75s cursor=80.0s
[drama] >>> synth start seg 18/66 禮部·紀曉嵐 (voice=禮部·紀曉嵐)
[drama] <<< synth done seg 18 2.2s fallback=
[drama] 18/66 禮部·紀曉嵐 | alloc=0.0 reserved=0.0 nvidia=7159 MB | seg_dur=1.06s cursor=81.5s
[drama] >>> synth start seg 19/66 待詔·唐伯虎 (voice=待詔·唐伯虎)
[drama] <<< synth done seg 19 3.6s fallback=
[drama] 19/66 待詔·唐伯虎 | alloc=0.0 reserved=0.0 nvidia=7415 MB | seg_dur=3.13s cursor=85.2s
[drama] >>> synth start seg 20/66 禮部·紀曉嵐 (voice=禮部·紀曉嵐)
[drama] <<< synth done seg 20 3.4s fallback=
[drama] 20/66 禮部·紀曉嵐 | alloc=0.0 reserved=0.0 nvidia=7239 MB | seg_dur=3.49s cursor=89.2s
[drama] >>> synth start seg 21/66 待詔·唐伯虎 (voice=待詔·唐伯虎)
[drama] <<< synth done seg 21 4.1s fallback=
[drama] 21/66 待詔·唐伯虎 | alloc=0.0 reserved=0.0 nvidia=7455 MB | seg_dur=3.95s cursor=93.6s
[drama] >>> synth start seg 22/66 禮部·紀曉嵐 (voice=禮部·紀曉嵐)
[drama] <<< synth done seg 22 2.3s fallback=
[drama] 22/66 禮部·紀曉嵐 | alloc=0.0 reserved=0.0 nvidia=7139 MB | seg_dur=1.09s cursor=95.2s
[drama] >>> synth start seg 23/66 待詔·唐伯虎 (voice=待詔·唐伯虎)
[drama] <<< synth done seg 23 6.7s fallback=
[drama] 23/66 待詔·唐伯虎 | alloc=0.0 reserved=0.0 nvidia=7629 MB | seg_dur=8.32s cursor=104.0s
[drama] >>> synth start seg 24/66 禮部·紀曉嵐 (voice=禮部·紀曉嵐)
[drama] <<< synth done seg 24 3.3s fallback=
[drama] 24/66 禮部·紀曉嵐 | alloc=0.0 reserved=0.0 nvidia=7221 MB | seg_dur=3.34s cursor=108.4s
[drama] >>> synth start seg 25/66 禮部·紀曉嵐 (voice=禮部·紀曉嵐)
[drama] <<< synth done seg 25 2.6s fallback=
[drama] 25/66 禮部·紀曉嵐 | alloc=0.0 reserved=0.0 nvidia=7221 MB | seg_dur=1.73s cursor=110.6s
[drama] >>> synth start seg 26/66 待詔·唐伯虎 (voice=待詔·唐伯虎)
[drama] <<< synth done seg 26 2.8s fallback=
[drama] 26/66 待詔·唐伯虎 | alloc=0.0 reserved=0.0 nvidia=7451 MB | seg_dur=1.64s cursor=112.7s
[drama] >>> synth start seg 27/66 禮部·紀曉嵐 (voice=禮部·紀曉嵐)
[drama] <<< synth done seg 27 2.3s fallback=
[drama] 27/66 禮部·紀曉嵐 | alloc=0.0 reserved=0.0 nvidia=7177 MB | seg_dur=1.31s cursor=114.6s
[drama] >>> synth start seg 28/66 待詔·唐伯虎 (voice=待詔·唐伯虎)
[2026-04-28 20:42:19] [ERROR   ] discord.voice_state: Disconnected from voice... Reconnecting in 0.70s.
Traceback (most recent call last):
  File "/home/hermes01/.hermes/hermes-agent/venv/lib/python3.11/site-packages/discord/voice_state.py", line 671, in _poll_voice_ws
    await self.ws.poll_event()
  File "/home/hermes01/.hermes/hermes-agent/venv/lib/python3.11/site-packages/discord/gateway.py", line 1164, in poll_event
    raise ConnectionClosed(self.ws, shard_id=None, code=self._close_code)
discord.errors.ConnectionClosed: Shard ID None WebSocket closed with 1006
2026-04-28 20:42:19,964 [ERROR] discord.voice_state: Disconnected from voice... Reconnecting in 0.70s.
Traceback (most recent call last):
  File "/home/hermes01/.hermes/hermes-agent/venv/lib/python3.11/site-packages/discord/voice_state.py", line 671, in _poll_voice_ws
    await self.ws.poll_event()
  File "/home/hermes01/.hermes/hermes-agent/venv/lib/python3.11/site-packages/discord/gateway.py", line 1164, in poll_event
    raise ConnectionClosed(self.ws, shard_id=None, code=self._close_code)
discord.errors.ConnectionClosed: Shard ID None WebSocket closed with 1006
[drama] <<< synth done seg 28 10.6s fallback=
[drama] 28/66 待詔·唐伯虎 | alloc=0.0 reserved=0.0 nvidia=7971 MB | seg_dur=13.61s cursor=128.7s
[drama] >>> synth start seg 29/66 禮部·紀曉嵐 (voice=禮部·紀曉嵐)
[2026-04-28 20:42:20] [INFO    ] discord.voice_state: The voice handshake is being terminated for Channel ID 1493898826677747725 (Guild ID 1493898826182824127)
2026-04-28 20:42:20,669 [INFO] discord.voice_state: The voice handshake is being terminated for Channel ID 1493898826677747725 (Guild ID 1493898826182824127)
[2026-04-28 20:42:20] [INFO    ] discord.voice_state: Connecting to voice...
2026-04-28 20:42:20,670 [INFO] discord.voice_state: Connecting to voice...
[2026-04-28 20:42:20] [INFO    ] discord.voice_state: Starting voice handshake... (connection attempt 1)
2026-04-28 20:42:20,670 [INFO] discord.voice_state: Starting voice handshake... (connection attempt 1)
[2026-04-28 20:42:21] [INFO    ] discord.voice_state: Voice handshake complete. Endpoint found: c-hkg10-daaa1d3d.discord.media:443
2026-04-28 20:42:21,602 [INFO] discord.voice_state: Voice handshake complete. Endpoint found: c-hkg10-daaa1d3d.discord.media:443
[2026-04-28 20:42:21] [INFO    ] discord.voice_state: Voice connection complete.
2026-04-28 20:42:21,873 [INFO] discord.voice_state: Voice connection complete.
[drama] <<< synth done seg 29 3.1s fallback=
[drama] 29/66 禮部·紀曉嵐 | alloc=0.0 reserved=0.0 nvidia=7181 MB | seg_dur=2.73s cursor=131.9s
[drama] >>> synth start seg 30/66 待詔·唐伯虎 (voice=待詔·唐伯虎)
[drama] <<< synth done seg 30 3.9s fallback=
[drama] 30/66 待詔·唐伯虎 | alloc=0.0 reserved=0.0 nvidia=7433 MB | seg_dur=3.70s cursor=136.1s
[drama] >>> synth start seg 31/66 禮部·紀曉嵐 (voice=禮部·紀曉嵐)
[drama] <<< synth done seg 31 3.1s fallback=
[drama] 31/66 禮部·紀曉嵐 | alloc=0.0 reserved=0.0 nvidia=7179 MB | seg_dur=2.69s cursor=139.3s
[drama] >>> synth start seg 32/66 待詔·唐伯虎 (voice=待詔·唐伯虎)
[drama] <<< synth done seg 32 9.1s fallback=
[drama] 32/66 待詔·唐伯虎 | alloc=0.0 reserved=0.0 nvidia=7847 MB | seg_dur=11.98s cursor=151.8s
[drama] >>> synth start seg 33/66 禮部·紀曉嵐 (voice=禮部·紀曉嵐)
[drama] <<< synth done seg 33 2.4s fallback=
[drama] 33/66 禮部·紀曉嵐 | alloc=0.0 reserved=0.0 nvidia=7161 MB | seg_dur=1.37s cursor=153.6s
[drama] >>> synth start seg 34/66 待詔·唐伯虎 (voice=待詔·唐伯虎)
[drama] <<< synth done seg 34 6.4s fallback=
[drama] 34/66 待詔·唐伯虎 | alloc=0.0 reserved=0.0 nvidia=7715 MB | seg_dur=7.96s cursor=162.1s
[drama] >>> synth start seg 35/66 禮部·紀曉嵐 (voice=禮部·紀曉嵐)
[drama] <<< synth done seg 35 3.9s fallback=
[drama] 35/66 禮部·紀曉嵐 | alloc=0.0 reserved=0.0 nvidia=7261 MB | seg_dur=3.91s cursor=167.0s
[drama] >>> synth start seg 36/66 禮部·紀曉嵐 (voice=禮部·紀曉嵐)
[drama] <<< synth done seg 36 2.8s fallback=
[drama] 36/66 禮部·紀曉嵐 | alloc=0.0 reserved=0.0 nvidia=7261 MB | seg_dur=2.45s cursor=170.0s
[drama] >>> synth start seg 37/66 待詔·唐伯虎 (voice=待詔·唐伯虎)
[drama] <<< synth done seg 37 2.7s fallback=
[drama] 37/66 待詔·唐伯虎 | alloc=0.0 reserved=0.0 nvidia=7417 MB | seg_dur=1.42s cursor=171.9s
[drama] >>> synth start seg 38/66 禮部·紀曉嵐 (voice=禮部·紀曉嵐)
[drama] <<< synth done seg 38 3.3s fallback=
[drama] 38/66 禮部·紀曉嵐 | alloc=0.0 reserved=0.0 nvidia=7219 MB | seg_dur=3.27s cursor=175.7s
[drama] >>> synth start seg 39/66 待詔·唐伯虎 (voice=待詔·唐伯虎)
[drama] <<< synth done seg 39 5.3s fallback=
[drama] 39/66 待詔·唐伯虎 | alloc=0.0 reserved=0.0 nvidia=7573 MB | seg_dur=5.89s cursor=182.0s
[drama] >>> synth start seg 40/66 禮部·紀曉嵐 (voice=禮部·紀曉嵐)
[drama] <<< synth done seg 40 2.9s fallback=
[drama] 40/66 禮部·紀曉嵐 | alloc=0.0 reserved=0.0 nvidia=7199 MB | seg_dur=2.31s cursor=184.9s
[drama] >>> synth start seg 41/66 待詔·唐伯虎 (voice=待詔·唐伯虎)
[drama] <<< synth done seg 41 6.7s fallback=
[drama] 41/66 待詔·唐伯虎 | alloc=0.0 reserved=0.0 nvidia=7753 MB | seg_dur=8.28s cursor=193.6s
[drama] >>> synth start seg 42/66 禮部·紀曉嵐 (voice=禮部·紀曉嵐)
[drama] <<< synth done seg 42 4.9s fallback=
[drama] 42/66 禮部·紀曉嵐 | alloc=0.0 reserved=0.0 nvidia=7401 MB | seg_dur=5.89s cursor=200.0s
[drama] >>> synth start seg 43/66 禮部·紀曉嵐 (voice=禮部·紀曉嵐)
[drama] <<< synth done seg 43 3.2s fallback=
[drama] 43/66 禮部·紀曉嵐 | alloc=0.0 reserved=0.0 nvidia=7401 MB | seg_dur=3.15s cursor=204.2s
[drama] >>> synth start seg 44/66 禮部·紀曉嵐 (voice=禮部·紀曉嵐)
[drama] <<< synth done seg 44 2.7s fallback=
[drama] 44/66 禮部·紀曉嵐 | alloc=0.0 reserved=0.0 nvidia=7401 MB | seg_dur=2.19s cursor=206.9s
[drama] >>> synth start seg 45/66 待詔·唐伯虎 (voice=待詔·唐伯虎)
[drama] <<< synth done seg 45 2.9s fallback=
[drama] 45/66 待詔·唐伯虎 | alloc=0.0 reserved=0.0 nvidia=7453 MB | seg_dur=1.83s cursor=209.2s
[drama] >>> synth start seg 46/66 禮部·紀曉嵐 (voice=禮部·紀曉嵐)
[drama] <<< synth done seg 46 2.5s fallback=
[drama] 46/66 禮部·紀曉嵐 | alloc=0.0 reserved=0.0 nvidia=7171 MB | seg_dur=1.51s cursor=211.2s
[drama] >>> synth start seg 47/66 待詔·唐伯虎 (voice=待詔·唐伯虎)
[drama] <<< synth done seg 47 6.0s fallback=
[drama] 47/66 待詔·唐伯虎 | alloc=0.0 reserved=0.0 nvidia=7655 MB | seg_dur=7.06s cursor=218.8s
[drama] >>> synth start seg 48/66 禮部·紀曉嵐 (voice=禮部·紀曉嵐)
[drama] <<< synth done seg 48 2.4s fallback=
[drama] 48/66 禮部·紀曉嵐 | alloc=0.0 reserved=0.0 nvidia=7155 MB | seg_dur=1.59s cursor=220.9s
[drama] >>> synth start seg 49/66 待詔·唐伯虎 (voice=待詔·唐伯虎)
[drama] <<< synth done seg 49 4.5s fallback=
[drama] 49/66 待詔·唐伯虎 | alloc=0.0 reserved=0.0 nvidia=7513 MB | seg_dur=4.81s cursor=226.2s
[drama] >>> synth start seg 50/66 禮部·紀曉嵐 (voice=禮部·紀曉嵐)
[drama] <<< synth done seg 50 2.8s fallback=
[drama] 50/66 禮部·紀曉嵐 | alloc=0.0 reserved=0.0 nvidia=7159 MB | seg_dur=2.23s cursor=228.9s
[drama] >>> synth start seg 51/66 待詔·唐伯虎 (voice=待詔·唐伯虎)
[drama] <<< synth done seg 51 4.3s fallback=
[drama] 51/66 待詔·唐伯虎 | alloc=0.0 reserved=0.0 nvidia=7493 MB | seg_dur=4.59s cursor=234.0s
[drama] >>> synth start seg 52/66 禮部·紀曉嵐 (voice=禮部·紀曉嵐)
[drama] <<< synth done seg 52 3.6s fallback=
[drama] 52/66 禮部·紀曉嵐 | alloc=0.0 reserved=0.0 nvidia=7241 MB | seg_dur=3.53s cursor=238.0s
[drama] >>> synth start seg 53/66 待詔·唐伯虎 (voice=待詔·唐伯虎)
[drama] <<< synth done seg 53 8.3s fallback=
[drama] 53/66 待詔·唐伯虎 | alloc=0.0 reserved=0.0 nvidia=7773 MB | seg_dur=10.80s cursor=249.3s
[drama] >>> synth start seg 54/66 禮部·紀曉嵐 (voice=禮部·紀曉嵐)
[drama] <<< synth done seg 54 2.9s fallback=
[drama] 54/66 禮部·紀曉嵐 | alloc=0.0 reserved=0.0 nvidia=7199 MB | seg_dur=2.41s cursor=252.7s
[drama] >>> synth start seg 55/66 禮部·紀曉嵐 (voice=禮部·紀曉嵐)
[drama] <<< synth done seg 55 2.8s fallback=
[drama] 55/66 禮部·紀曉嵐 | alloc=0.0 reserved=0.0 nvidia=7201 MB | seg_dur=2.00s cursor=255.2s
[drama] >>> synth start seg 56/66 待詔·唐伯虎 (voice=待詔·唐伯虎)
[drama] <<< synth done seg 56 2.7s fallback=
[drama] 56/66 待詔·唐伯虎 | alloc=0.0 reserved=0.0 nvidia=7453 MB | seg_dur=1.39s cursor=257.1s
[drama] >>> synth start seg 57/66 禮部·紀曉嵐 (voice=禮部·紀曉嵐)
[drama] <<< synth done seg 57 2.2s fallback=
[drama] 57/66 禮部·紀曉嵐 | alloc=0.0 reserved=0.0 nvidia=7097 MB | seg_dur=1.03s cursor=258.6s
[drama] >>> synth start seg 58/66 待詔·唐伯虎 (voice=待詔·唐伯虎)
[drama] <<< synth done seg 58 3.4s fallback=
[drama] 58/66 待詔·唐伯虎 | alloc=0.0 reserved=0.0 nvidia=7415 MB | seg_dur=2.71s cursor=261.8s
[drama] >>> synth start seg 59/66 禮部·紀曉嵐 (voice=禮部·紀曉嵐)
[drama] <<< synth done seg 59 2.8s fallback=
[drama] 59/66 禮部·紀曉嵐 | alloc=0.0 reserved=0.0 nvidia=7159 MB | seg_dur=2.17s cursor=264.5s
[drama] >>> synth start seg 60/66 待詔·唐伯虎 (voice=待詔·唐伯虎)
[drama] <<< synth done seg 60 4.3s fallback=
[drama] 60/66 待詔·唐伯虎 | alloc=0.0 reserved=0.0 nvidia=7475 MB | seg_dur=4.28s cursor=269.3s
[drama] >>> synth start seg 61/66 禮部·紀曉嵐 (voice=禮部·紀曉嵐)
[drama] <<< synth done seg 61 7.4s fallback=
[drama] 61/66 禮部·紀曉嵐 | alloc=0.0 reserved=0.0 nvidia=7641 MB | seg_dur=9.36s cursor=279.2s
[drama] >>> synth start seg 62/66 待詔·唐伯虎 (voice=待詔·唐伯虎)
[drama] <<< synth done seg 62 4.0s fallback=
[drama] 62/66 待詔·唐伯虎 | alloc=0.0 reserved=0.0 nvidia=7435 MB | seg_dur=3.77s cursor=283.4s
[drama] >>> synth start seg 63/66 禮部·紀曉嵐 (voice=禮部·紀曉嵐)
[drama] <<< synth done seg 63 5.2s fallback=
[drama] 63/66 禮部·紀曉嵐 | alloc=0.0 reserved=0.0 nvidia=7441 MB | seg_dur=6.34s cursor=290.3s
[drama] >>> synth start seg 64/66 待詔·唐伯虎 (voice=待詔·唐伯虎)
[drama] <<< synth done seg 64 3.7s fallback=
[drama] 64/66 待詔·唐伯虎 | alloc=0.0 reserved=0.0 nvidia=7393 MB | seg_dur=3.00s cursor=293.8s
[drama] >>> synth start seg 65/66 禮部·紀曉嵐 (voice=禮部·紀曉嵐)
[drama] <<< synth done seg 65 13.1s fallback=
[drama] 65/66 禮部·紀曉嵐 | alloc=0.0 reserved=0.0 nvidia=7599 MB | seg_dur=19.16s cursor=313.4s
[drama] >>> synth start seg 66/66 待詔·唐伯虎 (voice=待詔·唐伯虎)
[drama] <<< synth done seg 66 12.5s fallback=
[drama] 66/66 待詔·唐伯虎 | alloc=0.0 reserved=0.0 nvidia=7817 MB | seg_dur=16.84s cursor=330.3s
[drama] checkpoint 已清理：/home/hermes01/projects/VoxCPM/test_output/voice_bot/checkpoint_1777380022450
[drama-cache] ✅ 快取已寫入 1a1a3b37b078（66 段）
[aist#0:0/pcm_s16le @ 0x5a2be3e04380] Guessed Channel Layout: mono
Multiple -ac options specified for stream 0, only the last option '-ac 2' will be used.
Multiple -ar options specified for stream 0, only the last option '-ar 48000' will be used.
[2026-04-28 20:50:45] [INFO    ] discord.player: ffmpeg process 925728 successfully terminated with return code of 0.
2026-04-28 20:50:45,202 [INFO] discord.player: ffmpeg process 925728 successfully terminated with return code of 0.
[2026-04-28 22:39:19] [ERROR   ] discord.voice_state: Disconnected from voice... Reconnecting in 1.57s.
Traceback (most recent call last):
  File "/home/hermes01/.hermes/hermes-agent/venv/lib/python3.11/site-packages/discord/voice_state.py", line 671, in _poll_voice_ws
    await self.ws.poll_event()
  File "/home/hermes01/.hermes/hermes-agent/venv/lib/python3.11/site-packages/discord/gateway.py", line 1164, in poll_event
    raise ConnectionClosed(self.ws, shard_id=None, code=self._close_code)
discord.errors.ConnectionClosed: Shard ID None WebSocket closed with 1006
2026-04-28 22:39:19,436 [ERROR] discord.voice_state: Disconnected from voice... Reconnecting in 1.57s.
Traceback (most recent call last):
  File "/home/hermes01/.hermes/hermes-agent/venv/lib/python3.11/site-packages/discord/voice_state.py", line 671, in _poll_voice_ws
    await self.ws.poll_event()
  File "/home/hermes01/.hermes/hermes-agent/venv/lib/python3.11/site-packages/discord/gateway.py", line 1164, in poll_event
    raise ConnectionClosed(self.ws, shard_id=None, code=self._close_code)
discord.errors.ConnectionClosed: Shard ID None WebSocket closed with 1006
[2026-04-28 22:39:21] [INFO    ] discord.voice_state: The voice handshake is being terminated for Channel ID 1493898826677747725 (Guild ID 1493898826182824127)
2026-04-28 22:39:21,012 [INFO] discord.voice_state: The voice handshake is being terminated for Channel ID 1493898826677747725 (Guild ID 1493898826182824127)
[2026-04-28 22:39:21] [INFO    ] discord.voice_state: Connecting to voice...
2026-04-28 22:39:21,012 [INFO] discord.voice_state: Connecting to voice...
[2026-04-28 22:39:21] [INFO    ] discord.voice_state: Starting voice handshake... (connection attempt 1)
2026-04-28 22:39:21,012 [INFO] discord.voice_state: Starting voice handshake... (connection attempt 1)
[2026-04-28 22:39:21] [INFO    ] discord.voice_state: Voice handshake complete. Endpoint found: c-hkg13-b644c566.discord.media:2087
2026-04-28 22:39:21,525 [INFO] discord.voice_state: Voice handshake complete. Endpoint found: c-hkg13-b644c566.discord.media:2087
[2026-04-28 22:39:21] [INFO    ] discord.voice_state: Voice connection complete.
2026-04-28 22:39:21,753 [INFO] discord.voice_state: Voice connection complete.
[2026-04-28 23:08:16] [INFO    ] discord.gateway: Shard ID None has successfully RESUMED session f5806d70e6f312d449235c53c8aa4b26.
2026-04-28 23:08:16,131 [INFO] discord.gateway: Shard ID None has successfully RESUMED session f5806d70e6f312d449235c53c8aa4b26.
[2026-04-28 23:24:40] [ERROR   ] discord.voice_state: Disconnected from voice... Reconnecting in 0.86s.
Traceback (most recent call last):
  File "/home/hermes01/.hermes/hermes-agent/venv/lib/python3.11/site-packages/discord/voice_state.py", line 671, in _poll_voice_ws
    await self.ws.poll_event()
  File "/home/hermes01/.hermes/hermes-agent/venv/lib/python3.11/site-packages/discord/gateway.py", line 1164, in poll_event
    raise ConnectionClosed(self.ws, shard_id=None, code=self._close_code)
discord.errors.ConnectionClosed: Shard ID None WebSocket closed with 1006
2026-04-28 23:24:40,798 [ERROR] discord.voice_state: Disconnected from voice... Reconnecting in 0.86s.
Traceback (most recent call last):
  File "/home/hermes01/.hermes/hermes-agent/venv/lib/python3.11/site-packages/discord/voice_state.py", line 671, in _poll_voice_ws
    await self.ws.poll_event()
  File "/home/hermes01/.hermes/hermes-agent/venv/lib/python3.11/site-packages/discord/gateway.py", line 1164, in poll_event
    raise ConnectionClosed(self.ws, shard_id=None, code=self._close_code)
discord.errors.ConnectionClosed: Shard ID None WebSocket closed with 1006
[2026-04-28 23:24:41] [INFO    ] discord.voice_state: The voice handshake is being terminated for Channel ID 1493898826677747725 (Guild ID 1493898826182824127)
2026-04-28 23:24:41,661 [INFO] discord.voice_state: The voice handshake is being terminated for Channel ID 1493898826677747725 (Guild ID 1493898826182824127)
[2026-04-28 23:24:41] [INFO    ] discord.voice_state: Connecting to voice...
2026-04-28 23:24:41,662 [INFO] discord.voice_state: Connecting to voice...
[2026-04-28 23:24:41] [INFO    ] discord.voice_state: Starting voice handshake... (connection attempt 1)
2026-04-28 23:24:41,662 [INFO] discord.voice_state: Starting voice handshake... (connection attempt 1)
[2026-04-28 23:24:42] [INFO    ] discord.voice_state: Voice handshake complete. Endpoint found: c-hkg12-76e60a18.discord.media:2096
2026-04-28 23:24:42,197 [INFO] discord.voice_state: Voice handshake complete. Endpoint found: c-hkg12-76e60a18.discord.media:2096
[2026-04-28 23:24:42] [INFO    ] discord.voice_state: Voice connection complete.
2026-04-28 23:24:42,419 [INFO] discord.voice_state: Voice connection complete.
[2026-04-29 02:35:45] [INFO    ] discord.gateway: Shard ID None has successfully RESUMED session f5806d70e6f312d449235c53c8aa4b26.
2026-04-29 02:35:45,908 [INFO] discord.gateway: Shard ID None has successfully RESUMED session f5806d70e6f312d449235c53c8aa4b26.
[2026-04-29 03:10:41] [INFO    ] discord.gateway: Shard ID None session has been invalidated.
2026-04-29 03:10:41,976 [INFO] discord.gateway: Shard ID None session has been invalidated.
[2026-04-29 03:11:03] [ERROR   ] discord.client: Attempting a reconnect in 1.09s
Traceback (most recent call last):
  File "/home/hermes01/.hermes/hermes-agent/venv/lib/python3.11/site-packages/discord/client.py", line 728, in connect
    self.ws = await asyncio.wait_for(coro, timeout=60.0)
              ^^^^^^^^^^^^^^^^^^^^^^^^^^^^^^^^^^^^^^^^^^
  File "/home/hermes01/.local/share/uv/python/cpython-3.11.15-linux-x86_64-gnu/lib/python3.11/asyncio/tasks.py", line 489, in wait_for
    return fut.result()
           ^^^^^^^^^^^^
  File "/home/hermes01/.hermes/hermes-agent/venv/lib/python3.11/site-packages/discord/gateway.py", line 392, in from_client
    socket = await client.http.ws_connect(str(url))
             ^^^^^^^^^^^^^^^^^^^^^^^^^^^^^^^^^^^^^^
  File "/home/hermes01/.hermes/hermes-agent/venv/lib/python3.11/site-packages/discord/http.py", line 571, in ws_connect
    return await self.__session.ws_connect(url, **kwargs)
           ^^^^^^^^^^^^^^^^^^^^^^^^^^^^^^^^^^^^^^^^^^^^^^
  File "/home/hermes01/.hermes/hermes-agent/venv/lib/python3.11/site-packages/aiohttp/client.py", line 1104, in _ws_connect
    raise WSServerHandshakeError(
aiohttp.client_exceptions.WSServerHandshakeError: 520, message='Invalid response status', url='wss://gateway-us-east1-b.discord.gg/?v=10&encoding=json&compress=zlib-stream'
2026-04-29 03:11:03,799 [ERROR] discord.client: Attempting a reconnect in 1.09s
Traceback (most recent call last):
  File "/home/hermes01/.hermes/hermes-agent/venv/lib/python3.11/site-packages/discord/client.py", line 728, in connect
    self.ws = await asyncio.wait_for(coro, timeout=60.0)
              ^^^^^^^^^^^^^^^^^^^^^^^^^^^^^^^^^^^^^^^^^^
  File "/home/hermes01/.local/share/uv/python/cpython-3.11.15-linux-x86_64-gnu/lib/python3.11/asyncio/tasks.py", line 489, in wait_for
    return fut.result()
           ^^^^^^^^^^^^
  File "/home/hermes01/.hermes/hermes-agent/venv/lib/python3.11/site-packages/discord/gateway.py", line 392, in from_client
    socket = await client.http.ws_connect(str(url))
             ^^^^^^^^^^^^^^^^^^^^^^^^^^^^^^^^^^^^^^
  File "/home/hermes01/.hermes/hermes-agent/venv/lib/python3.11/site-packages/discord/http.py", line 571, in ws_connect
    return await self.__session.ws_connect(url, **kwargs)
           ^^^^^^^^^^^^^^^^^^^^^^^^^^^^^^^^^^^^^^^^^^^^^^
  File "/home/hermes01/.hermes/hermes-agent/venv/lib/python3.11/site-packages/aiohttp/client.py", line 1104, in _ws_connect
    raise WSServerHandshakeError(
aiohttp.client_exceptions.WSServerHandshakeError: 520, message='Invalid response status', url='wss://gateway-us-east1-b.discord.gg/?v=10&encoding=json&compress=zlib-stream'
[2026-04-29 03:11:05] [INFO    ] discord.voice_state: Disconnected from voice by discord, close code 4022.
2026-04-29 03:11:05,813 [INFO] discord.voice_state: Disconnected from voice by discord, close code 4022.
[2026-04-29 03:11:05] [INFO    ] discord.voice_state: The voice handshake is being terminated for Channel ID 1493898826677747725 (Guild ID 1493898826182824127)
2026-04-29 03:11:05,813 [INFO] discord.voice_state: The voice handshake is being terminated for Channel ID 1493898826677747725 (Guild ID 1493898826182824127)
[2026-04-29 03:11:09] [ERROR   ] discord.client: Attempting a reconnect in 0.34s
Traceback (most recent call last):
  File "/home/hermes01/.hermes/hermes-agent/venv/lib/python3.11/site-packages/discord/client.py", line 728, in connect
    self.ws = await asyncio.wait_for(coro, timeout=60.0)
              ^^^^^^^^^^^^^^^^^^^^^^^^^^^^^^^^^^^^^^^^^^
  File "/home/hermes01/.local/share/uv/python/cpython-3.11.15-linux-x86_64-gnu/lib/python3.11/asyncio/tasks.py", line 489, in wait_for
    return fut.result()
           ^^^^^^^^^^^^
  File "/home/hermes01/.hermes/hermes-agent/venv/lib/python3.11/site-packages/discord/gateway.py", line 392, in from_client
    socket = await client.http.ws_connect(str(url))
             ^^^^^^^^^^^^^^^^^^^^^^^^^^^^^^^^^^^^^^
  File "/home/hermes01/.hermes/hermes-agent/venv/lib/python3.11/site-packages/discord/http.py", line 571, in ws_connect
    return await self.__session.ws_connect(url, **kwargs)
           ^^^^^^^^^^^^^^^^^^^^^^^^^^^^^^^^^^^^^^^^^^^^^^
  File "/home/hermes01/.hermes/hermes-agent/venv/lib/python3.11/site-packages/aiohttp/client.py", line 1104, in _ws_connect
    raise WSServerHandshakeError(
aiohttp.client_exceptions.WSServerHandshakeError: 520, message='Invalid response status', url='wss://gateway-us-east1-b.discord.gg/?v=10&encoding=json&compress=zlib-stream'
2026-04-29 03:11:09,806 [ERROR] discord.client: Attempting a reconnect in 0.34s
Traceback (most recent call last):
  File "/home/hermes01/.hermes/hermes-agent/venv/lib/python3.11/site-packages/discord/client.py", line 728, in connect
    self.ws = await asyncio.wait_for(coro, timeout=60.0)
              ^^^^^^^^^^^^^^^^^^^^^^^^^^^^^^^^^^^^^^^^^^
  File "/home/hermes01/.local/share/uv/python/cpython-3.11.15-linux-x86_64-gnu/lib/python3.11/asyncio/tasks.py", line 489, in wait_for
    return fut.result()
           ^^^^^^^^^^^^
  File "/home/hermes01/.hermes/hermes-agent/venv/lib/python3.11/site-packages/discord/gateway.py", line 392, in from_client
    socket = await client.http.ws_connect(str(url))
             ^^^^^^^^^^^^^^^^^^^^^^^^^^^^^^^^^^^^^^
  File "/home/hermes01/.hermes/hermes-agent/venv/lib/python3.11/site-packages/discord/http.py", line 571, in ws_connect
    return await self.__session.ws_connect(url, **kwargs)
           ^^^^^^^^^^^^^^^^^^^^^^^^^^^^^^^^^^^^^^^^^^^^^^
  File "/home/hermes01/.hermes/hermes-agent/venv/lib/python3.11/site-packages/aiohttp/client.py", line 1104, in _ws_connect
    raise WSServerHandshakeError(
aiohttp.client_exceptions.WSServerHandshakeError: 520, message='Invalid response status', url='wss://gateway-us-east1-b.discord.gg/?v=10&encoding=json&compress=zlib-stream'
[2026-04-29 03:11:10] [ERROR   ] discord.client: Attempting a reconnect in 3.67s
Traceback (most recent call last):
  File "/home/hermes01/.hermes/hermes-agent/venv/lib/python3.11/site-packages/discord/client.py", line 728, in connect
    self.ws = await asyncio.wait_for(coro, timeout=60.0)
              ^^^^^^^^^^^^^^^^^^^^^^^^^^^^^^^^^^^^^^^^^^
  File "/home/hermes01/.local/share/uv/python/cpython-3.11.15-linux-x86_64-gnu/lib/python3.11/asyncio/tasks.py", line 489, in wait_for
    return fut.result()
           ^^^^^^^^^^^^
  File "/home/hermes01/.hermes/hermes-agent/venv/lib/python3.11/site-packages/discord/gateway.py", line 392, in from_client
    socket = await client.http.ws_connect(str(url))
             ^^^^^^^^^^^^^^^^^^^^^^^^^^^^^^^^^^^^^^
  File "/home/hermes01/.hermes/hermes-agent/venv/lib/python3.11/site-packages/discord/http.py", line 571, in ws_connect
    return await self.__session.ws_connect(url, **kwargs)
           ^^^^^^^^^^^^^^^^^^^^^^^^^^^^^^^^^^^^^^^^^^^^^^
  File "/home/hermes01/.hermes/hermes-agent/venv/lib/python3.11/site-packages/aiohttp/client.py", line 1104, in _ws_connect
    raise WSServerHandshakeError(
aiohttp.client_exceptions.WSServerHandshakeError: 520, message='Invalid response status', url='wss://gateway-us-east1-b.discord.gg/?v=10&encoding=json&compress=zlib-stream'
2026-04-29 03:11:10,363 [ERROR] discord.client: Attempting a reconnect in 3.67s
Traceback (most recent call last):
  File "/home/hermes01/.hermes/hermes-agent/venv/lib/python3.11/site-packages/discord/client.py", line 728, in connect
    self.ws = await asyncio.wait_for(coro, timeout=60.0)
              ^^^^^^^^^^^^^^^^^^^^^^^^^^^^^^^^^^^^^^^^^^
  File "/home/hermes01/.local/share/uv/python/cpython-3.11.15-linux-x86_64-gnu/lib/python3.11/asyncio/tasks.py", line 489, in wait_for
    return fut.result()
           ^^^^^^^^^^^^
  File "/home/hermes01/.hermes/hermes-agent/venv/lib/python3.11/site-packages/discord/gateway.py", line 392, in from_client
    socket = await client.http.ws_connect(str(url))
             ^^^^^^^^^^^^^^^^^^^^^^^^^^^^^^^^^^^^^^
  File "/home/hermes01/.hermes/hermes-agent/venv/lib/python3.11/site-packages/discord/http.py", line 571, in ws_connect
    return await self.__session.ws_connect(url, **kwargs)
           ^^^^^^^^^^^^^^^^^^^^^^^^^^^^^^^^^^^^^^^^^^^^^^
  File "/home/hermes01/.hermes/hermes-agent/venv/lib/python3.11/site-packages/aiohttp/client.py", line 1104, in _ws_connect
    raise WSServerHandshakeError(
aiohttp.client_exceptions.WSServerHandshakeError: 520, message='Invalid response status', url='wss://gateway-us-east1-b.discord.gg/?v=10&encoding=json&compress=zlib-stream'
[2026-04-29 03:11:14] [ERROR   ] discord.client: Attempting a reconnect in 2.58s
Traceback (most recent call last):
  File "/home/hermes01/.hermes/hermes-agent/venv/lib/python3.11/site-packages/discord/client.py", line 728, in connect
    self.ws = await asyncio.wait_for(coro, timeout=60.0)
              ^^^^^^^^^^^^^^^^^^^^^^^^^^^^^^^^^^^^^^^^^^
  File "/home/hermes01/.local/share/uv/python/cpython-3.11.15-linux-x86_64-gnu/lib/python3.11/asyncio/tasks.py", line 489, in wait_for
    return fut.result()
           ^^^^^^^^^^^^
  File "/home/hermes01/.hermes/hermes-agent/venv/lib/python3.11/site-packages/discord/gateway.py", line 392, in from_client
    socket = await client.http.ws_connect(str(url))
             ^^^^^^^^^^^^^^^^^^^^^^^^^^^^^^^^^^^^^^
  File "/home/hermes01/.hermes/hermes-agent/venv/lib/python3.11/site-packages/discord/http.py", line 571, in ws_connect
    return await self.__session.ws_connect(url, **kwargs)
           ^^^^^^^^^^^^^^^^^^^^^^^^^^^^^^^^^^^^^^^^^^^^^^
  File "/home/hermes01/.hermes/hermes-agent/venv/lib/python3.11/site-packages/aiohttp/client.py", line 1104, in _ws_connect
    raise WSServerHandshakeError(
aiohttp.client_exceptions.WSServerHandshakeError: 520, message='Invalid response status', url='wss://gateway-us-east1-b.discord.gg/?v=10&encoding=json&compress=zlib-stream'
2026-04-29 03:11:14,255 [ERROR] discord.client: Attempting a reconnect in 2.58s
Traceback (most recent call last):
  File "/home/hermes01/.hermes/hermes-agent/venv/lib/python3.11/site-packages/discord/client.py", line 728, in connect
    self.ws = await asyncio.wait_for(coro, timeout=60.0)
              ^^^^^^^^^^^^^^^^^^^^^^^^^^^^^^^^^^^^^^^^^^
  File "/home/hermes01/.local/share/uv/python/cpython-3.11.15-linux-x86_64-gnu/lib/python3.11/asyncio/tasks.py", line 489, in wait_for
    return fut.result()
           ^^^^^^^^^^^^
  File "/home/hermes01/.hermes/hermes-agent/venv/lib/python3.11/site-packages/discord/gateway.py", line 392, in from_client
    socket = await client.http.ws_connect(str(url))
             ^^^^^^^^^^^^^^^^^^^^^^^^^^^^^^^^^^^^^^
  File "/home/hermes01/.hermes/hermes-agent/venv/lib/python3.11/site-packages/discord/http.py", line 571, in ws_connect
    return await self.__session.ws_connect(url, **kwargs)
           ^^^^^^^^^^^^^^^^^^^^^^^^^^^^^^^^^^^^^^^^^^^^^^
  File "/home/hermes01/.hermes/hermes-agent/venv/lib/python3.11/site-packages/aiohttp/client.py", line 1104, in _ws_connect
    raise WSServerHandshakeError(
aiohttp.client_exceptions.WSServerHandshakeError: 520, message='Invalid response status', url='wss://gateway-us-east1-b.discord.gg/?v=10&encoding=json&compress=zlib-stream'
[2026-04-29 03:11:17] [ERROR   ] discord.client: Attempting a reconnect in 7.58s
Traceback (most recent call last):
  File "/home/hermes01/.hermes/hermes-agent/venv/lib/python3.11/site-packages/discord/client.py", line 728, in connect
    self.ws = await asyncio.wait_for(coro, timeout=60.0)
              ^^^^^^^^^^^^^^^^^^^^^^^^^^^^^^^^^^^^^^^^^^
  File "/home/hermes01/.local/share/uv/python/cpython-3.11.15-linux-x86_64-gnu/lib/python3.11/asyncio/tasks.py", line 489, in wait_for
    return fut.result()
           ^^^^^^^^^^^^
  File "/home/hermes01/.hermes/hermes-agent/venv/lib/python3.11/site-packages/discord/gateway.py", line 392, in from_client
    socket = await client.http.ws_connect(str(url))
             ^^^^^^^^^^^^^^^^^^^^^^^^^^^^^^^^^^^^^^
  File "/home/hermes01/.hermes/hermes-agent/venv/lib/python3.11/site-packages/discord/http.py", line 571, in ws_connect
    return await self.__session.ws_connect(url, **kwargs)
           ^^^^^^^^^^^^^^^^^^^^^^^^^^^^^^^^^^^^^^^^^^^^^^
  File "/home/hermes01/.hermes/hermes-agent/venv/lib/python3.11/site-packages/aiohttp/client.py", line 1104, in _ws_connect
    raise WSServerHandshakeError(
aiohttp.client_exceptions.WSServerHandshakeError: 520, message='Invalid response status', url='wss://gateway-us-east1-b.discord.gg/?v=10&encoding=json&compress=zlib-stream'
2026-04-29 03:11:17,078 [ERROR] discord.client: Attempting a reconnect in 7.58s
Traceback (most recent call last):
  File "/home/hermes01/.hermes/hermes-agent/venv/lib/python3.11/site-packages/discord/client.py", line 728, in connect
    self.ws = await asyncio.wait_for(coro, timeout=60.0)
              ^^^^^^^^^^^^^^^^^^^^^^^^^^^^^^^^^^^^^^^^^^
  File "/home/hermes01/.local/share/uv/python/cpython-3.11.15-linux-x86_64-gnu/lib/python3.11/asyncio/tasks.py", line 489, in wait_for
    return fut.result()
           ^^^^^^^^^^^^
  File "/home/hermes01/.hermes/hermes-agent/venv/lib/python3.11/site-packages/discord/gateway.py", line 392, in from_client
    socket = await client.http.ws_connect(str(url))
             ^^^^^^^^^^^^^^^^^^^^^^^^^^^^^^^^^^^^^^
  File "/home/hermes01/.hermes/hermes-agent/venv/lib/python3.11/site-packages/discord/http.py", line 571, in ws_connect
    return await self.__session.ws_connect(url, **kwargs)
           ^^^^^^^^^^^^^^^^^^^^^^^^^^^^^^^^^^^^^^^^^^^^^^
  File "/home/hermes01/.hermes/hermes-agent/venv/lib/python3.11/site-packages/aiohttp/client.py", line 1104, in _ws_connect
    raise WSServerHandshakeError(
aiohttp.client_exceptions.WSServerHandshakeError: 520, message='Invalid response status', url='wss://gateway-us-east1-b.discord.gg/?v=10&encoding=json&compress=zlib-stream'
[2026-04-29 03:11:24] [ERROR   ] discord.client: Attempting a reconnect in 18.72s
Traceback (most recent call last):
  File "/home/hermes01/.hermes/hermes-agent/venv/lib/python3.11/site-packages/discord/client.py", line 728, in connect
    self.ws = await asyncio.wait_for(coro, timeout=60.0)
              ^^^^^^^^^^^^^^^^^^^^^^^^^^^^^^^^^^^^^^^^^^
  File "/home/hermes01/.local/share/uv/python/cpython-3.11.15-linux-x86_64-gnu/lib/python3.11/asyncio/tasks.py", line 489, in wait_for
    return fut.result()
           ^^^^^^^^^^^^
  File "/home/hermes01/.hermes/hermes-agent/venv/lib/python3.11/site-packages/discord/gateway.py", line 392, in from_client
    socket = await client.http.ws_connect(str(url))
             ^^^^^^^^^^^^^^^^^^^^^^^^^^^^^^^^^^^^^^
  File "/home/hermes01/.hermes/hermes-agent/venv/lib/python3.11/site-packages/discord/http.py", line 571, in ws_connect
    return await self.__session.ws_connect(url, **kwargs)
           ^^^^^^^^^^^^^^^^^^^^^^^^^^^^^^^^^^^^^^^^^^^^^^
  File "/home/hermes01/.hermes/hermes-agent/venv/lib/python3.11/site-packages/aiohttp/client.py", line 1104, in _ws_connect
    raise WSServerHandshakeError(
aiohttp.client_exceptions.WSServerHandshakeError: 520, message='Invalid response status', url='wss://gateway-us-east1-b.discord.gg/?v=10&encoding=json&compress=zlib-stream'
2026-04-29 03:11:24,883 [ERROR] discord.client: Attempting a reconnect in 18.72s
Traceback (most recent call last):
  File "/home/hermes01/.hermes/hermes-agent/venv/lib/python3.11/site-packages/discord/client.py", line 728, in connect
    self.ws = await asyncio.wait_for(coro, timeout=60.0)
              ^^^^^^^^^^^^^^^^^^^^^^^^^^^^^^^^^^^^^^^^^^
  File "/home/hermes01/.local/share/uv/python/cpython-3.11.15-linux-x86_64-gnu/lib/python3.11/asyncio/tasks.py", line 489, in wait_for
    return fut.result()
           ^^^^^^^^^^^^
  File "/home/hermes01/.hermes/hermes-agent/venv/lib/python3.11/site-packages/discord/gateway.py", line 392, in from_client
    socket = await client.http.ws_connect(str(url))
             ^^^^^^^^^^^^^^^^^^^^^^^^^^^^^^^^^^^^^^
  File "/home/hermes01/.hermes/hermes-agent/venv/lib/python3.11/site-packages/discord/http.py", line 571, in ws_connect
    return await self.__session.ws_connect(url, **kwargs)
           ^^^^^^^^^^^^^^^^^^^^^^^^^^^^^^^^^^^^^^^^^^^^^^
  File "/home/hermes01/.hermes/hermes-agent/venv/lib/python3.11/site-packages/aiohttp/client.py", line 1104, in _ws_connect
    raise WSServerHandshakeError(
aiohttp.client_exceptions.WSServerHandshakeError: 520, message='Invalid response status', url='wss://gateway-us-east1-b.discord.gg/?v=10&encoding=json&compress=zlib-stream'
[2026-04-29 03:11:43] [ERROR   ] discord.client: Attempting a reconnect in 35.20s
Traceback (most recent call last):
  File "/home/hermes01/.hermes/hermes-agent/venv/lib/python3.11/site-packages/discord/client.py", line 728, in connect
    self.ws = await asyncio.wait_for(coro, timeout=60.0)
              ^^^^^^^^^^^^^^^^^^^^^^^^^^^^^^^^^^^^^^^^^^
  File "/home/hermes01/.local/share/uv/python/cpython-3.11.15-linux-x86_64-gnu/lib/python3.11/asyncio/tasks.py", line 489, in wait_for
    return fut.result()
           ^^^^^^^^^^^^
  File "/home/hermes01/.hermes/hermes-agent/venv/lib/python3.11/site-packages/discord/gateway.py", line 392, in from_client
    socket = await client.http.ws_connect(str(url))
             ^^^^^^^^^^^^^^^^^^^^^^^^^^^^^^^^^^^^^^
  File "/home/hermes01/.hermes/hermes-agent/venv/lib/python3.11/site-packages/discord/http.py", line 571, in ws_connect
    return await self.__session.ws_connect(url, **kwargs)
           ^^^^^^^^^^^^^^^^^^^^^^^^^^^^^^^^^^^^^^^^^^^^^^
  File "/home/hermes01/.hermes/hermes-agent/venv/lib/python3.11/site-packages/aiohttp/client.py", line 1104, in _ws_connect
    raise WSServerHandshakeError(
aiohttp.client_exceptions.WSServerHandshakeError: 520, message='Invalid response status', url='wss://gateway-us-east1-b.discord.gg/?v=10&encoding=json&compress=zlib-stream'
2026-04-29 03:11:43,841 [ERROR] discord.client: Attempting a reconnect in 35.20s
Traceback (most recent call last):
  File "/home/hermes01/.hermes/hermes-agent/venv/lib/python3.11/site-packages/discord/client.py", line 728, in connect
    self.ws = await asyncio.wait_for(coro, timeout=60.0)
              ^^^^^^^^^^^^^^^^^^^^^^^^^^^^^^^^^^^^^^^^^^
  File "/home/hermes01/.local/share/uv/python/cpython-3.11.15-linux-x86_64-gnu/lib/python3.11/asyncio/tasks.py", line 489, in wait_for
    return fut.result()
           ^^^^^^^^^^^^
  File "/home/hermes01/.hermes/hermes-agent/venv/lib/python3.11/site-packages/discord/gateway.py", line 392, in from_client
    socket = await client.http.ws_connect(str(url))
             ^^^^^^^^^^^^^^^^^^^^^^^^^^^^^^^^^^^^^^
  File "/home/hermes01/.hermes/hermes-agent/venv/lib/python3.11/site-packages/discord/http.py", line 571, in ws_connect
    return await self.__session.ws_connect(url, **kwargs)
           ^^^^^^^^^^^^^^^^^^^^^^^^^^^^^^^^^^^^^^^^^^^^^^
  File "/home/hermes01/.hermes/hermes-agent/venv/lib/python3.11/site-packages/aiohttp/client.py", line 1104, in _ws_connect
    raise WSServerHandshakeError(
aiohttp.client_exceptions.WSServerHandshakeError: 520, message='Invalid response status', url='wss://gateway-us-east1-b.discord.gg/?v=10&encoding=json&compress=zlib-stream'
[2026-04-29 03:12:19] [INFO    ] discord.gateway: Shard ID None session has been invalidated.
2026-04-29 03:12:19,475 [INFO] discord.gateway: Shard ID None session has been invalidated.
[2026-04-29 03:13:16] [INFO    ] discord.gateway: Shard ID None session has been invalidated.
2026-04-29 03:13:16,504 [INFO] discord.gateway: Shard ID None session has been invalidated.
[2026-04-29 03:14:39] [INFO    ] discord.gateway: Shard ID None session has been invalidated.
2026-04-29 03:14:39,313 [INFO] discord.gateway: Shard ID None session has been invalidated.
[2026-04-29 03:15:47] [INFO    ] discord.gateway: Shard ID None session has been invalidated.
2026-04-29 03:15:47,852 [INFO] discord.gateway: Shard ID None session has been invalidated.
[2026-04-29 03:17:36] [INFO    ] discord.gateway: Shard ID None session has been invalidated.
2026-04-29 03:17:36,562 [INFO] discord.gateway: Shard ID None session has been invalidated.
[2026-04-29 03:19:23] [INFO    ] discord.gateway: Shard ID None session has been invalidated.
2026-04-29 03:19:23,602 [INFO] discord.gateway: Shard ID None session has been invalidated.
[2026-04-29 03:19:31] [INFO    ] discord.gateway: Shard ID None has connected to Gateway (Session ID: 7c55480b0733b7d997f3cf7d59295ccf).
2026-04-29 03:19:31,438 [INFO] discord.gateway: Shard ID None has connected to Gateway (Session ID: 7c55480b0733b7d997f3cf7d59295ccf).
✅ 王朝語音 Bot 已上線：崴勝王朝語音Bot#7480
   輸出模式：auto
   VRAM 策略：按需載入（預設 IndexTTS2）
   當前引擎：indextts
   Slash 指令已同步：3
[2026-04-29 03:19:33] [ERROR   ] discord.client: Ignoring exception in on_ready
Traceback (most recent call last):
  File "/home/hermes01/.hermes/hermes-agent/venv/lib/python3.11/site-packages/discord/client.py", line 508, in _run_event
    await coro(*args, **kwargs)
  File "/home/hermes01/projects/VoxCPM/scripts/wangdom/discord_voice_bot.py", line 1781, in on_ready
    await _start_api_server()
  File "/home/hermes01/projects/VoxCPM/scripts/wangdom/discord_voice_bot.py", line 3428, in _start_api_server
    await site.start()
  File "/home/hermes01/.hermes/hermes-agent/venv/lib/python3.11/site-packages/aiohttp/web_runner.py", line 121, in start
    self._server = await loop.create_server(
                   ^^^^^^^^^^^^^^^^^^^^^^^^^
  File "/home/hermes01/.local/share/uv/python/cpython-3.11.15-linux-x86_64-gnu/lib/python3.11/asyncio/base_events.py", line 1536, in create_server
    raise OSError(err.errno, msg) from None
OSError: [Errno 98] error while attempting to bind on address ('127.0.0.1', 8890): address already in use
2026-04-29 03:19:33,857 [ERROR] discord.client: Ignoring exception in on_ready
Traceback (most recent call last):
  File "/home/hermes01/.hermes/hermes-agent/venv/lib/python3.11/site-packages/discord/client.py", line 508, in _run_event
    await coro(*args, **kwargs)
  File "/home/hermes01/projects/VoxCPM/scripts/wangdom/discord_voice_bot.py", line 1781, in on_ready
    await _start_api_server()
  File "/home/hermes01/projects/VoxCPM/scripts/wangdom/discord_voice_bot.py", line 3428, in _start_api_server
    await site.start()
  File "/home/hermes01/.hermes/hermes-agent/venv/lib/python3.11/site-packages/aiohttp/web_runner.py", line 121, in start
    self._server = await loop.create_server(
                   ^^^^^^^^^^^^^^^^^^^^^^^^^
  File "/home/hermes01/.local/share/uv/python/cpython-3.11.15-linux-x86_64-gnu/lib/python3.11/asyncio/base_events.py", line 1536, in create_server
    raise OSError(err.errno, msg) from None
OSError: [Errno 98] error while attempting to bind on address ('127.0.0.1', 8890): address already in use
[2026-04-29 04:07:22] [INFO    ] discord.gateway: Shard ID None session has been invalidated.
2026-04-29 04:07:22,563 [INFO] discord.gateway: Shard ID None session has been invalidated.
[2026-04-29 04:07:28] [INFO    ] discord.gateway: Shard ID None has connected to Gateway (Session ID: 98c486cecbc3fce64d6d965f119ac892).
2026-04-29 04:07:28,382 [INFO] discord.gateway: Shard ID None has connected to Gateway (Session ID: 98c486cecbc3fce64d6d965f119ac892).
✅ 王朝語音 Bot 已上線：崴勝王朝語音Bot#7480
   輸出模式：auto
   VRAM 策略：按需載入（預設 IndexTTS2）
   當前引擎：indextts
   Slash 指令已同步：3
[2026-04-29 04:07:30] [ERROR   ] discord.client: Ignoring exception in on_ready
Traceback (most recent call last):
  File "/home/hermes01/.hermes/hermes-agent/venv/lib/python3.11/site-packages/discord/client.py", line 508, in _run_event
    await coro(*args, **kwargs)
  File "/home/hermes01/projects/VoxCPM/scripts/wangdom/discord_voice_bot.py", line 1781, in on_ready
    await _start_api_server()
  File "/home/hermes01/projects/VoxCPM/scripts/wangdom/discord_voice_bot.py", line 3428, in _start_api_server
    await site.start()
  File "/home/hermes01/.hermes/hermes-agent/venv/lib/python3.11/site-packages/aiohttp/web_runner.py", line 121, in start
    self._server = await loop.create_server(
                   ^^^^^^^^^^^^^^^^^^^^^^^^^
  File "/home/hermes01/.local/share/uv/python/cpython-3.11.15-linux-x86_64-gnu/lib/python3.11/asyncio/base_events.py", line 1536, in create_server
    raise OSError(err.errno, msg) from None
OSError: [Errno 98] error while attempting to bind on address ('127.0.0.1', 8890): address already in use
2026-04-29 04:07:30,718 [ERROR] discord.client: Ignoring exception in on_ready
Traceback (most recent call last):
  File "/home/hermes01/.hermes/hermes-agent/venv/lib/python3.11/site-packages/discord/client.py", line 508, in _run_event
    await coro(*args, **kwargs)
  File "/home/hermes01/projects/VoxCPM/scripts/wangdom/discord_voice_bot.py", line 1781, in on_ready
    await _start_api_server()
  File "/home/hermes01/projects/VoxCPM/scripts/wangdom/discord_voice_bot.py", line 3428, in _start_api_server
    await site.start()
  File "/home/hermes01/.hermes/hermes-agent/venv/lib/python3.11/site-packages/aiohttp/web_runner.py", line 121, in start
    self._server = await loop.create_server(
                   ^^^^^^^^^^^^^^^^^^^^^^^^^
  File "/home/hermes01/.local/share/uv/python/cpython-3.11.15-linux-x86_64-gnu/lib/python3.11/asyncio/base_events.py", line 1536, in create_server
    raise OSError(err.errno, msg) from None
OSError: [Errno 98] error while attempting to bind on address ('127.0.0.1', 8890): address already in use
[2026-04-29 04:20:23] [INFO    ] discord.gateway: Shard ID None session has been invalidated.
2026-04-29 04:20:23,206 [INFO] discord.gateway: Shard ID None session has been invalidated.
[2026-04-29 04:20:29] [INFO    ] discord.gateway: Shard ID None has connected to Gateway (Session ID: dbe69807c02efc9d80befa81e715a957).
2026-04-29 04:20:29,106 [INFO] discord.gateway: Shard ID None has connected to Gateway (Session ID: dbe69807c02efc9d80befa81e715a957).
✅ 王朝語音 Bot 已上線：崴勝王朝語音Bot#7480
   輸出模式：auto
   VRAM 策略：按需載入（預設 IndexTTS2）
   當前引擎：indextts
   Slash 指令已同步：3
[2026-04-29 04:20:31] [ERROR   ] discord.client: Ignoring exception in on_ready
Traceback (most recent call last):
  File "/home/hermes01/.hermes/hermes-agent/venv/lib/python3.11/site-packages/discord/client.py", line 508, in _run_event
    await coro(*args, **kwargs)
  File "/home/hermes01/projects/VoxCPM/scripts/wangdom/discord_voice_bot.py", line 1781, in on_ready
    await _start_api_server()
  File "/home/hermes01/projects/VoxCPM/scripts/wangdom/discord_voice_bot.py", line 3428, in _start_api_server
    await site.start()
  File "/home/hermes01/.hermes/hermes-agent/venv/lib/python3.11/site-packages/aiohttp/web_runner.py", line 121, in start
    self._server = await loop.create_server(
                   ^^^^^^^^^^^^^^^^^^^^^^^^^
  File "/home/hermes01/.local/share/uv/python/cpython-3.11.15-linux-x86_64-gnu/lib/python3.11/asyncio/base_events.py", line 1536, in create_server
    raise OSError(err.errno, msg) from None
OSError: [Errno 98] error while attempting to bind on address ('127.0.0.1', 8890): address already in use
2026-04-29 04:20:31,539 [ERROR] discord.client: Ignoring exception in on_ready
Traceback (most recent call last):
  File "/home/hermes01/.hermes/hermes-agent/venv/lib/python3.11/site-packages/discord/client.py", line 508, in _run_event
    await coro(*args, **kwargs)
  File "/home/hermes01/projects/VoxCPM/scripts/wangdom/discord_voice_bot.py", line 1781, in on_ready
    await _start_api_server()
  File "/home/hermes01/projects/VoxCPM/scripts/wangdom/discord_voice_bot.py", line 3428, in _start_api_server
    await site.start()
  File "/home/hermes01/.hermes/hermes-agent/venv/lib/python3.11/site-packages/aiohttp/web_runner.py", line 121, in start
    self._server = await loop.create_server(
                   ^^^^^^^^^^^^^^^^^^^^^^^^^
  File "/home/hermes01/.local/share/uv/python/cpython-3.11.15-linux-x86_64-gnu/lib/python3.11/asyncio/base_events.py", line 1536, in create_server
    raise OSError(err.errno, msg) from None
OSError: [Errno 98] error while attempting to bind on address ('127.0.0.1', 8890): address already in use
[2026-04-29 06:29:14] [INFO    ] discord.gateway: Shard ID None has successfully RESUMED session dbe69807c02efc9d80befa81e715a957.
2026-04-29 06:29:14,230 [INFO] discord.gateway: Shard ID None has successfully RESUMED session dbe69807c02efc9d80befa81e715a957.
[2026-04-29 09:03:14] [INFO    ] discord.gateway: Shard ID None has successfully RESUMED session dbe69807c02efc9d80befa81e715a957.
2026-04-29 09:03:14,308 [INFO] discord.gateway: Shard ID None has successfully RESUMED session dbe69807c02efc9d80befa81e715a957.
[2026-04-29 11:29:58] [INFO    ] discord.gateway: Shard ID None has successfully RESUMED session dbe69807c02efc9d80befa81e715a957.
2026-04-29 11:29:58,140 [INFO] discord.gateway: Shard ID None has successfully RESUMED session dbe69807c02efc9d80befa81e715a957.
[2026-04-29 12:00:32] [INFO    ] discord.gateway: Shard ID None has successfully RESUMED session dbe69807c02efc9d80befa81e715a957.
2026-04-29 12:00:32,404 [INFO] discord.gateway: Shard ID None has successfully RESUMED session dbe69807c02efc9d80befa81e715a957.
[2026-04-29 13:11:24] [INFO    ] discord.gateway: Shard ID None has successfully RESUMED session dbe69807c02efc9d80befa81e715a957.
2026-04-29 13:11:24,339 [INFO] discord.gateway: Shard ID None has successfully RESUMED session dbe69807c02efc9d80befa81e715a957.
[2026-04-29 15:31:48] [INFO    ] discord.gateway: Shard ID None has successfully RESUMED session dbe69807c02efc9d80befa81e715a957.
2026-04-29 15:31:48,723 [INFO] discord.gateway: Shard ID None has successfully RESUMED session dbe69807c02efc9d80befa81e715a957.
[2026-04-29 17:08:09] [INFO    ] discord.voice_state: Connecting to voice...
2026-04-29 17:08:09,348 [INFO] discord.voice_state: Connecting to voice...
[2026-04-29 17:08:09] [INFO    ] discord.voice_state: Starting voice handshake... (connection attempt 1)
2026-04-29 17:08:09,348 [INFO] discord.voice_state: Starting voice handshake... (connection attempt 1)
[2026-04-29 17:08:09] [INFO    ] discord.voice_state: Voice handshake complete. Endpoint found: c-hkg10-89384244.discord.media:2087
2026-04-29 17:08:09,832 [INFO] discord.voice_state: Voice handshake complete. Endpoint found: c-hkg10-89384244.discord.media:2087
[2026-04-29 17:08:10] [INFO    ] discord.voice_state: Voice connection complete.
2026-04-29 17:08:10,057 [INFO] discord.voice_state: Voice connection complete.
[mp3 @ 0x5a1f4a625f80] Estimating duration from bitrate, this may be inaccurate
Multiple -ac options specified for stream 0, only the last option '-ac 2' will be used.
Multiple -ar options specified for stream 0, only the last option '-ar 48000' will be used.
[2026-04-29 17:08:21] [INFO    ] discord.player: ffmpeg process 984001 has not terminated. Waiting to terminate...
2026-04-29 17:08:21,644 [INFO] discord.player: ffmpeg process 984001 has not terminated. Waiting to terminate...
[2026-04-29 17:08:21] [INFO    ] discord.player: ffmpeg process 984001 should have terminated with a return code of -9.
2026-04-29 17:08:21,647 [INFO] discord.player: ffmpeg process 984001 should have terminated with a return code of -9.
[mp3 @ 0x5f183eac2f80] Estimating duration from bitrate, this may be inaccurate
Multiple -ac options specified for stream 0, only the last option '-ac 2' will be used.
Multiple -ar options specified for stream 0, only the last option '-ar 48000' will be used.
[2026-04-29 17:08:31] [INFO    ] discord.player: ffmpeg process 984019 has not terminated. Waiting to terminate...
2026-04-29 17:08:31,529 [INFO] discord.player: ffmpeg process 984019 has not terminated. Waiting to terminate...
[2026-04-29 17:08:31] [INFO    ] discord.player: ffmpeg process 984019 should have terminated with a return code of -9.
2026-04-29 17:08:31,533 [INFO] discord.player: ffmpeg process 984019 should have terminated with a return code of -9.
[mp3 @ 0x5f590cb76f80] Estimating duration from bitrate, this may be inaccurate
Multiple -ac options specified for stream 0, only the last option '-ac 2' will be used.
Multiple -ar options specified for stream 0, only the last option '-ar 48000' will be used.
[2026-04-29 17:08:38] [INFO    ] discord.player: ffmpeg process 984037 has not terminated. Waiting to terminate...
2026-04-29 17:08:38,574 [INFO] discord.player: ffmpeg process 984037 has not terminated. Waiting to terminate...
[2026-04-29 17:08:38] [INFO    ] discord.player: ffmpeg process 984037 should have terminated with a return code of -9.
2026-04-29 17:08:38,577 [INFO] discord.player: ffmpeg process 984037 should have terminated with a return code of -9.
[mp3 @ 0x5b4534afff80] Estimating duration from bitrate, this may be inaccurate
Multiple -ac options specified for stream 0, only the last option '-ac 2' will be used.
Multiple -ar options specified for stream 0, only the last option '-ar 48000' will be used.
[2026-04-29 17:08:46] [INFO    ] discord.player: ffmpeg process 984055 has not terminated. Waiting to terminate...
2026-04-29 17:08:46,591 [INFO] discord.player: ffmpeg process 984055 has not terminated. Waiting to terminate...
[2026-04-29 17:08:46] [INFO    ] discord.player: ffmpeg process 984055 should have terminated with a return code of -9.
2026-04-29 17:08:46,594 [INFO] discord.player: ffmpeg process 984055 should have terminated with a return code of -9.
[mp3 @ 0x5e31323e3f80] Estimating duration from bitrate, this may be inaccurate
Multiple -ac options specified for stream 0, only the last option '-ac 2' will be used.
Multiple -ar options specified for stream 0, only the last option '-ar 48000' will be used.
✅ morning 已執行：2026-04-29 17:08
[2026-04-29 17:08:58] [INFO    ] discord.player: ffmpeg process 984092 successfully terminated with return code of 0.
2026-04-29 17:08:58,930 [INFO] discord.player: ffmpeg process 984092 successfully terminated with return code of 0.
[2026-04-29 17:25:40] [INFO    ] discord.gateway: Shard ID None has successfully RESUMED session dbe69807c02efc9d80befa81e715a957.
2026-04-29 17:25:40,027 [INFO] discord.gateway: Shard ID None has successfully RESUMED session dbe69807c02efc9d80befa81e715a957.
[2026-04-29 20:28:53] [ERROR   ] discord.voice_state: Disconnected from voice... Reconnecting in 1.08s.
Traceback (most recent call last):
  File "/home/hermes01/.hermes/hermes-agent/venv/lib/python3.11/site-packages/discord/voice_state.py", line 671, in _poll_voice_ws
    await self.ws.poll_event()
  File "/home/hermes01/.hermes/hermes-agent/venv/lib/python3.11/site-packages/discord/gateway.py", line 1164, in poll_event
    raise ConnectionClosed(self.ws, shard_id=None, code=self._close_code)
discord.errors.ConnectionClosed: Shard ID None WebSocket closed with 1006
2026-04-29 20:28:53,201 [ERROR] discord.voice_state: Disconnected from voice... Reconnecting in 1.08s.
Traceback (most recent call last):
  File "/home/hermes01/.hermes/hermes-agent/venv/lib/python3.11/site-packages/discord/voice_state.py", line 671, in _poll_voice_ws
    await self.ws.poll_event()
  File "/home/hermes01/.hermes/hermes-agent/venv/lib/python3.11/site-packages/discord/gateway.py", line 1164, in poll_event
    raise ConnectionClosed(self.ws, shard_id=None, code=self._close_code)
discord.errors.ConnectionClosed: Shard ID None WebSocket closed with 1006
[2026-04-29 20:28:54] [INFO    ] discord.voice_state: The voice handshake is being terminated for Channel ID 1493898826677747725 (Guild ID 1493898826182824127)
2026-04-29 20:28:54,283 [INFO] discord.voice_state: The voice handshake is being terminated for Channel ID 1493898826677747725 (Guild ID 1493898826182824127)
[2026-04-29 20:28:54] [INFO    ] discord.voice_state: Connecting to voice...
2026-04-29 20:28:54,283 [INFO] discord.voice_state: Connecting to voice...
[2026-04-29 20:28:54] [INFO    ] discord.voice_state: Starting voice handshake... (connection attempt 1)
2026-04-29 20:28:54,283 [INFO] discord.voice_state: Starting voice handshake... (connection attempt 1)
[2026-04-29 20:28:54] [INFO    ] discord.voice_state: Voice handshake complete. Endpoint found: c-hkg10-f9ab301d.discord.media:8443
2026-04-29 20:28:54,747 [INFO] discord.voice_state: Voice handshake complete. Endpoint found: c-hkg10-f9ab301d.discord.media:8443
[2026-04-29 20:28:54] [INFO    ] discord.voice_state: Voice connection complete.
2026-04-29 20:28:54,994 [INFO] discord.voice_state: Voice connection complete.
[2026-04-29 21:07:24] [INFO    ] discord.gateway: Shard ID None has successfully RESUMED session dbe69807c02efc9d80befa81e715a957.
2026-04-29 21:07:24,063 [INFO] discord.gateway: Shard ID None has successfully RESUMED session dbe69807c02efc9d80befa81e715a957.
[2026-04-29 21:31:28] [INFO    ] discord.gateway: Shard ID None has successfully RESUMED session dbe69807c02efc9d80befa81e715a957.
2026-04-29 21:31:28,321 [INFO] discord.gateway: Shard ID None has successfully RESUMED session dbe69807c02efc9d80befa81e715a957.
[2026-04-29 23:31:02] [INFO    ] discord.gateway: Shard ID None has successfully RESUMED session dbe69807c02efc9d80befa81e715a957.
2026-04-29 23:31:02,870 [INFO] discord.gateway: Shard ID None has successfully RESUMED session dbe69807c02efc9d80befa81e715a957.
[2026-04-30 00:16:01] [ERROR   ] discord.voice_state: Disconnected from voice... Reconnecting in 1.86s.
Traceback (most recent call last):
  File "/home/hermes01/.hermes/hermes-agent/venv/lib/python3.11/site-packages/discord/voice_state.py", line 671, in _poll_voice_ws
    await self.ws.poll_event()
  File "/home/hermes01/.hermes/hermes-agent/venv/lib/python3.11/site-packages/discord/gateway.py", line 1164, in poll_event
    raise ConnectionClosed(self.ws, shard_id=None, code=self._close_code)
discord.errors.ConnectionClosed: Shard ID None WebSocket closed with 1001
2026-04-30 00:16:01,703 [ERROR] discord.voice_state: Disconnected from voice... Reconnecting in 1.86s.
Traceback (most recent call last):
  File "/home/hermes01/.hermes/hermes-agent/venv/lib/python3.11/site-packages/discord/voice_state.py", line 671, in _poll_voice_ws
    await self.ws.poll_event()
  File "/home/hermes01/.hermes/hermes-agent/venv/lib/python3.11/site-packages/discord/gateway.py", line 1164, in poll_event
    raise ConnectionClosed(self.ws, shard_id=None, code=self._close_code)
discord.errors.ConnectionClosed: Shard ID None WebSocket closed with 1001
[2026-04-30 00:16:03] [INFO    ] discord.voice_state: The voice handshake is being terminated for Channel ID 1493898826677747725 (Guild ID 1493898826182824127)
2026-04-30 00:16:03,562 [INFO] discord.voice_state: The voice handshake is being terminated for Channel ID 1493898826677747725 (Guild ID 1493898826182824127)
[2026-04-30 00:16:03] [INFO    ] discord.voice_state: Connecting to voice...
2026-04-30 00:16:03,563 [INFO] discord.voice_state: Connecting to voice...
[2026-04-30 00:16:03] [INFO    ] discord.voice_state: Starting voice handshake... (connection attempt 1)
2026-04-30 00:16:03,563 [INFO] discord.voice_state: Starting voice handshake... (connection attempt 1)
[2026-04-30 00:16:04] [INFO    ] discord.voice_state: Voice handshake complete. Endpoint found: c-hkg12-81b675e5.discord.media:2087
2026-04-30 00:16:04,026 [INFO] discord.voice_state: Voice handshake complete. Endpoint found: c-hkg12-81b675e5.discord.media:2087
[2026-04-30 00:16:04] [INFO    ] discord.voice_state: Voice connection complete.
2026-04-30 00:16:04,226 [INFO] discord.voice_state: Voice connection complete.
[2026-04-30 00:46:49] [ERROR   ] discord.voice_state: Disconnected from voice... Reconnecting in 0.98s.
Traceback (most recent call last):
  File "/home/hermes01/.hermes/hermes-agent/venv/lib/python3.11/site-packages/discord/voice_state.py", line 671, in _poll_voice_ws
    await self.ws.poll_event()
  File "/home/hermes01/.hermes/hermes-agent/venv/lib/python3.11/site-packages/discord/gateway.py", line 1164, in poll_event
    raise ConnectionClosed(self.ws, shard_id=None, code=self._close_code)
discord.errors.ConnectionClosed: Shard ID None WebSocket closed with 1001
2026-04-30 00:46:49,391 [ERROR] discord.voice_state: Disconnected from voice... Reconnecting in 0.98s.
Traceback (most recent call last):
  File "/home/hermes01/.hermes/hermes-agent/venv/lib/python3.11/site-packages/discord/voice_state.py", line 671, in _poll_voice_ws
    await self.ws.poll_event()
  File "/home/hermes01/.hermes/hermes-agent/venv/lib/python3.11/site-packages/discord/gateway.py", line 1164, in poll_event
    raise ConnectionClosed(self.ws, shard_id=None, code=self._close_code)
discord.errors.ConnectionClosed: Shard ID None WebSocket closed with 1001
[2026-04-30 00:46:50] [INFO    ] discord.voice_state: The voice handshake is being terminated for Channel ID 1493898826677747725 (Guild ID 1493898826182824127)
2026-04-30 00:46:50,373 [INFO] discord.voice_state: The voice handshake is being terminated for Channel ID 1493898826677747725 (Guild ID 1493898826182824127)
[2026-04-30 00:46:50] [INFO    ] discord.voice_state: Connecting to voice...
2026-04-30 00:46:50,374 [INFO] discord.voice_state: Connecting to voice...
[2026-04-30 00:46:50] [INFO    ] discord.voice_state: Starting voice handshake... (connection attempt 1)
2026-04-30 00:46:50,374 [INFO] discord.voice_state: Starting voice handshake... (connection attempt 1)
[2026-04-30 00:46:50] [INFO    ] discord.voice_state: Voice handshake complete. Endpoint found: c-hkg10-83b4a9d9.discord.media:2053
2026-04-30 00:46:50,828 [INFO] discord.voice_state: Voice handshake complete. Endpoint found: c-hkg10-83b4a9d9.discord.media:2053
[2026-04-30 00:46:51] [INFO    ] discord.voice_state: Voice connection complete.
2026-04-30 00:46:51,047 [INFO] discord.voice_state: Voice connection complete.
[2026-04-30 01:10:28] [INFO    ] discord.gateway: Shard ID None has successfully RESUMED session dbe69807c02efc9d80befa81e715a957.
2026-04-30 01:10:28,111 [INFO] discord.gateway: Shard ID None has successfully RESUMED session dbe69807c02efc9d80befa81e715a957.
[2026-04-30 01:37:12] [INFO    ] discord.gateway: Shard ID None has successfully RESUMED session dbe69807c02efc9d80befa81e715a957.
2026-04-30 01:37:12,932 [INFO] discord.gateway: Shard ID None has successfully RESUMED session dbe69807c02efc9d80befa81e715a957.
[2026-04-30 03:56:20] [INFO    ] discord.gateway: Shard ID None has successfully RESUMED session dbe69807c02efc9d80befa81e715a957.
2026-04-30 03:56:20,005 [INFO] discord.gateway: Shard ID None has successfully RESUMED session dbe69807c02efc9d80befa81e715a957.
[2026-04-30 05:57:26] [ERROR   ] discord.voice_state: Disconnected from voice... Reconnecting in 0.60s.
Traceback (most recent call last):
  File "/home/hermes01/.hermes/hermes-agent/venv/lib/python3.11/site-packages/discord/voice_state.py", line 671, in _poll_voice_ws
    await self.ws.poll_event()
  File "/home/hermes01/.hermes/hermes-agent/venv/lib/python3.11/site-packages/discord/gateway.py", line 1164, in poll_event
    raise ConnectionClosed(self.ws, shard_id=None, code=self._close_code)
discord.errors.ConnectionClosed: Shard ID None WebSocket closed with 1006
2026-04-30 05:57:26,168 [ERROR] discord.voice_state: Disconnected from voice... Reconnecting in 0.60s.
Traceback (most recent call last):
  File "/home/hermes01/.hermes/hermes-agent/venv/lib/python3.11/site-packages/discord/voice_state.py", line 671, in _poll_voice_ws
    await self.ws.poll_event()
  File "/home/hermes01/.hermes/hermes-agent/venv/lib/python3.11/site-packages/discord/gateway.py", line 1164, in poll_event
    raise ConnectionClosed(self.ws, shard_id=None, code=self._close_code)
discord.errors.ConnectionClosed: Shard ID None WebSocket closed with 1006
[2026-04-30 05:57:26] [INFO    ] discord.voice_state: The voice handshake is being terminated for Channel ID 1493898826677747725 (Guild ID 1493898826182824127)
2026-04-30 05:57:26,771 [INFO] discord.voice_state: The voice handshake is being terminated for Channel ID 1493898826677747725 (Guild ID 1493898826182824127)
[2026-04-30 05:57:26] [INFO    ] discord.voice_state: Connecting to voice...
2026-04-30 05:57:26,771 [INFO] discord.voice_state: Connecting to voice...
[2026-04-30 05:57:26] [INFO    ] discord.voice_state: Starting voice handshake... (connection attempt 1)
2026-04-30 05:57:26,771 [INFO] discord.voice_state: Starting voice handshake... (connection attempt 1)
[2026-04-30 05:57:27] [INFO    ] discord.voice_state: Voice handshake complete. Endpoint found: c-hkg12-2e3bcb96.discord.media:443
2026-04-30 05:57:27,284 [INFO] discord.voice_state: Voice handshake complete. Endpoint found: c-hkg12-2e3bcb96.discord.media:443
[2026-04-30 05:57:27] [INFO    ] discord.voice_state: Voice connection complete.
2026-04-30 05:57:27,498 [INFO] discord.voice_state: Voice connection complete.
[2026-04-30 06:46:20] [INFO    ] discord.gateway: Shard ID None has successfully RESUMED session dbe69807c02efc9d80befa81e715a957.
2026-04-30 06:46:20,115 [INFO] discord.gateway: Shard ID None has successfully RESUMED session dbe69807c02efc9d80befa81e715a957.
[2026-04-30 08:26:59] [INFO    ] discord.gateway: Shard ID None has successfully RESUMED session dbe69807c02efc9d80befa81e715a957.
2026-04-30 08:26:59,810 [INFO] discord.gateway: Shard ID None has successfully RESUMED session dbe69807c02efc9d80befa81e715a957.
[2026-04-30 12:00:25] [ERROR   ] discord.voice_state: Disconnected from voice... Reconnecting in 0.22s.
Traceback (most recent call last):
  File "/home/hermes01/.local/share/uv/python/cpython-3.11.15-linux-x86_64-gnu/lib/python3.11/asyncio/tasks.py", line 500, in wait_for
    return fut.result()
           ^^^^^^^^^^^^
  File "/home/hermes01/.hermes/hermes-agent/venv/lib/python3.11/site-packages/aiohttp/client_ws.py", line 336, in receive
    msg = await self._reader.read()
          ^^^^^^^^^^^^^^^^^^^^^^^^^
  File "aiohttp/_websocket/reader_c.py", line 118, in read
  File "aiohttp/_websocket/reader_c.py", line 115, in aiohttp._websocket.reader_c.WebSocketDataQueue.read
asyncio.exceptions.CancelledError

The above exception was the direct cause of the following exception:

Traceback (most recent call last):
  File "/home/hermes01/.hermes/hermes-agent/venv/lib/python3.11/site-packages/discord/voice_state.py", line 671, in _poll_voice_ws
    await self.ws.poll_event()
  File "/home/hermes01/.hermes/hermes-agent/venv/lib/python3.11/site-packages/discord/gateway.py", line 1154, in poll_event
    msg = await asyncio.wait_for(self.ws.receive(), timeout=30.0)
          ^^^^^^^^^^^^^^^^^^^^^^^^^^^^^^^^^^^^^^^^^^^^^^^^^^^^^^^
  File "/home/hermes01/.local/share/uv/python/cpython-3.11.15-linux-x86_64-gnu/lib/python3.11/asyncio/tasks.py", line 502, in wait_for
    raise exceptions.TimeoutError() from exc
TimeoutError
2026-04-30 12:00:25,468 [ERROR] discord.voice_state: Disconnected from voice... Reconnecting in 0.22s.
Traceback (most recent call last):
  File "/home/hermes01/.local/share/uv/python/cpython-3.11.15-linux-x86_64-gnu/lib/python3.11/asyncio/tasks.py", line 500, in wait_for
    return fut.result()
           ^^^^^^^^^^^^
  File "/home/hermes01/.hermes/hermes-agent/venv/lib/python3.11/site-packages/aiohttp/client_ws.py", line 336, in receive
    msg = await self._reader.read()
          ^^^^^^^^^^^^^^^^^^^^^^^^^
  File "aiohttp/_websocket/reader_c.py", line 118, in read
  File "aiohttp/_websocket/reader_c.py", line 115, in aiohttp._websocket.reader_c.WebSocketDataQueue.read
asyncio.exceptions.CancelledError

The above exception was the direct cause of the following exception:

Traceback (most recent call last):
  File "/home/hermes01/.hermes/hermes-agent/venv/lib/python3.11/site-packages/discord/voice_state.py", line 671, in _poll_voice_ws
    await self.ws.poll_event()
  File "/home/hermes01/.hermes/hermes-agent/venv/lib/python3.11/site-packages/discord/gateway.py", line 1154, in poll_event
    msg = await asyncio.wait_for(self.ws.receive(), timeout=30.0)
          ^^^^^^^^^^^^^^^^^^^^^^^^^^^^^^^^^^^^^^^^^^^^^^^^^^^^^^^
  File "/home/hermes01/.local/share/uv/python/cpython-3.11.15-linux-x86_64-gnu/lib/python3.11/asyncio/tasks.py", line 502, in wait_for
    raise exceptions.TimeoutError() from exc
TimeoutError
[2026-04-30 12:00:25] [INFO    ] discord.voice_state: The voice handshake is being terminated for Channel ID 1493898826677747725 (Guild ID 1493898826182824127)
2026-04-30 12:00:25,688 [INFO] discord.voice_state: The voice handshake is being terminated for Channel ID 1493898826677747725 (Guild ID 1493898826182824127)
[2026-04-30 12:00:25] [INFO    ] discord.voice_state: Connecting to voice...
2026-04-30 12:00:25,688 [INFO] discord.voice_state: Connecting to voice...
[2026-04-30 12:00:25] [INFO    ] discord.voice_state: Starting voice handshake... (connection attempt 1)
2026-04-30 12:00:25,688 [INFO] discord.voice_state: Starting voice handshake... (connection attempt 1)
[2026-04-30 12:00:36] [ERROR   ] discord.client: Attempting a reconnect in 1.73s
Traceback (most recent call last):
  File "/home/hermes01/.hermes/hermes-agent/venv/lib/python3.11/site-packages/aiohttp/connector.py", line 1574, in _create_direct_connection
    hosts = await self._resolve_host(host, port, traces=traces)
            ^^^^^^^^^^^^^^^^^^^^^^^^^^^^^^^^^^^^^^^^^^^^^^^^^^^
  File "/home/hermes01/.hermes/hermes-agent/venv/lib/python3.11/site-packages/aiohttp/connector.py", line 1190, in _resolve_host
    return await asyncio.shield(resolved_host_task)
           ^^^^^^^^^^^^^^^^^^^^^^^^^^^^^^^^^^^^^^^^
  File "/home/hermes01/.hermes/hermes-agent/venv/lib/python3.11/site-packages/aiohttp/connector.py", line 1221, in _resolve_host_with_throttle
    addrs = await self._resolver.resolve(host, port, family=self._family)
            ^^^^^^^^^^^^^^^^^^^^^^^^^^^^^^^^^^^^^^^^^^^^^^^^^^^^^^^^^^^^^
  File "/home/hermes01/.hermes/hermes-agent/venv/lib/python3.11/site-packages/aiohttp/resolver.py", line 40, in resolve
    infos = await self._loop.getaddrinfo(
            ^^^^^^^^^^^^^^^^^^^^^^^^^^^^^
  File "/home/hermes01/.local/share/uv/python/cpython-3.11.15-linux-x86_64-gnu/lib/python3.11/asyncio/base_events.py", line 868, in getaddrinfo
    return await self.run_in_executor(
           ^^^^^^^^^^^^^^^^^^^^^^^^^^^
  File "/home/hermes01/.local/share/uv/python/cpython-3.11.15-linux-x86_64-gnu/lib/python3.11/concurrent/futures/thread.py", line 58, in run
    result = self.fn(*self.args, **self.kwargs)
             ^^^^^^^^^^^^^^^^^^^^^^^^^^^^^^^^^^
  File "/home/hermes01/.local/share/uv/python/cpython-3.11.15-linux-x86_64-gnu/lib/python3.11/socket.py", line 974, in getaddrinfo
    for res in _socket.getaddrinfo(host, port, family, type, proto, flags):
               ^^^^^^^^^^^^^^^^^^^^^^^^^^^^^^^^^^^^^^^^^^^^^^^^^^^^^^^^^^^
socket.gaierror: [Errno -2] Name or service not known

The above exception was the direct cause of the following exception:

Traceback (most recent call last):
  File "/home/hermes01/.hermes/hermes-agent/venv/lib/python3.11/site-packages/discord/client.py", line 728, in connect
    self.ws = await asyncio.wait_for(coro, timeout=60.0)
              ^^^^^^^^^^^^^^^^^^^^^^^^^^^^^^^^^^^^^^^^^^
  File "/home/hermes01/.local/share/uv/python/cpython-3.11.15-linux-x86_64-gnu/lib/python3.11/asyncio/tasks.py", line 489, in wait_for
    return fut.result()
           ^^^^^^^^^^^^
  File "/home/hermes01/.hermes/hermes-agent/venv/lib/python3.11/site-packages/discord/gateway.py", line 392, in from_client
    socket = await client.http.ws_connect(str(url))
             ^^^^^^^^^^^^^^^^^^^^^^^^^^^^^^^^^^^^^^
  File "/home/hermes01/.hermes/hermes-agent/venv/lib/python3.11/site-packages/discord/http.py", line 571, in ws_connect
    return await self.__session.ws_connect(url, **kwargs)
           ^^^^^^^^^^^^^^^^^^^^^^^^^^^^^^^^^^^^^^^^^^^^^^
  File "/home/hermes01/.hermes/hermes-agent/venv/lib/python3.11/site-packages/aiohttp/client.py", line 1087, in _ws_connect
    resp = await self.request(
           ^^^^^^^^^^^^^^^^^^^
  File "/home/hermes01/.hermes/hermes-agent/venv/lib/python3.11/site-packages/aiohttp/client.py", line 788, in _request
    resp = await handler(req)
           ^^^^^^^^^^^^^^^^^^
  File "/home/hermes01/.hermes/hermes-agent/venv/lib/python3.11/site-packages/aiohttp/client.py", line 742, in _connect_and_send_request
    conn = await self._connector.connect(
           ^^^^^^^^^^^^^^^^^^^^^^^^^^^^^^
  File "/home/hermes01/.hermes/hermes-agent/venv/lib/python3.11/site-packages/aiohttp/connector.py", line 672, in connect
    proto = await self._create_connection(req, traces, timeout)
            ^^^^^^^^^^^^^^^^^^^^^^^^^^^^^^^^^^^^^^^^^^^^^^^^^^^
  File "/home/hermes01/.hermes/hermes-agent/venv/lib/python3.11/site-packages/aiohttp/connector.py", line 1251, in _create_connection
    _, proto = await self._create_direct_connection(req, traces, timeout)
               ^^^^^^^^^^^^^^^^^^^^^^^^^^^^^^^^^^^^^^^^^^^^^^^^^^^^^^^^^^
  File "/home/hermes01/.hermes/hermes-agent/venv/lib/python3.11/site-packages/aiohttp/connector.py", line 1580, in _create_direct_connection
    raise ClientConnectorDNSError(req.connection_key, exc) from exc
aiohttp.client_exceptions.ClientConnectorDNSError: Cannot connect to host gateway-us-east1-b.discord.gg:443 ssl:default [Name or service not known]
2026-04-30 12:00:36,215 [ERROR] discord.client: Attempting a reconnect in 1.73s
Traceback (most recent call last):
  File "/home/hermes01/.hermes/hermes-agent/venv/lib/python3.11/site-packages/aiohttp/connector.py", line 1574, in _create_direct_connection
    hosts = await self._resolve_host(host, port, traces=traces)
            ^^^^^^^^^^^^^^^^^^^^^^^^^^^^^^^^^^^^^^^^^^^^^^^^^^^
  File "/home/hermes01/.hermes/hermes-agent/venv/lib/python3.11/site-packages/aiohttp/connector.py", line 1190, in _resolve_host
    return await asyncio.shield(resolved_host_task)
           ^^^^^^^^^^^^^^^^^^^^^^^^^^^^^^^^^^^^^^^^
  File "/home/hermes01/.hermes/hermes-agent/venv/lib/python3.11/site-packages/aiohttp/connector.py", line 1221, in _resolve_host_with_throttle
    addrs = await self._resolver.resolve(host, port, family=self._family)
            ^^^^^^^^^^^^^^^^^^^^^^^^^^^^^^^^^^^^^^^^^^^^^^^^^^^^^^^^^^^^^
  File "/home/hermes01/.hermes/hermes-agent/venv/lib/python3.11/site-packages/aiohttp/resolver.py", line 40, in resolve
    infos = await self._loop.getaddrinfo(
            ^^^^^^^^^^^^^^^^^^^^^^^^^^^^^
  File "/home/hermes01/.local/share/uv/python/cpython-3.11.15-linux-x86_64-gnu/lib/python3.11/asyncio/base_events.py", line 868, in getaddrinfo
    return await self.run_in_executor(
           ^^^^^^^^^^^^^^^^^^^^^^^^^^^
  File "/home/hermes01/.local/share/uv/python/cpython-3.11.15-linux-x86_64-gnu/lib/python3.11/concurrent/futures/thread.py", line 58, in run
    result = self.fn(*self.args, **self.kwargs)
             ^^^^^^^^^^^^^^^^^^^^^^^^^^^^^^^^^^
  File "/home/hermes01/.local/share/uv/python/cpython-3.11.15-linux-x86_64-gnu/lib/python3.11/socket.py", line 974, in getaddrinfo
    for res in _socket.getaddrinfo(host, port, family, type, proto, flags):
               ^^^^^^^^^^^^^^^^^^^^^^^^^^^^^^^^^^^^^^^^^^^^^^^^^^^^^^^^^^^
socket.gaierror: [Errno -2] Name or service not known

The above exception was the direct cause of the following exception:

Traceback (most recent call last):
  File "/home/hermes01/.hermes/hermes-agent/venv/lib/python3.11/site-packages/discord/client.py", line 728, in connect
    self.ws = await asyncio.wait_for(coro, timeout=60.0)
              ^^^^^^^^^^^^^^^^^^^^^^^^^^^^^^^^^^^^^^^^^^
  File "/home/hermes01/.local/share/uv/python/cpython-3.11.15-linux-x86_64-gnu/lib/python3.11/asyncio/tasks.py", line 489, in wait_for
    return fut.result()
           ^^^^^^^^^^^^
  File "/home/hermes01/.hermes/hermes-agent/venv/lib/python3.11/site-packages/discord/gateway.py", line 392, in from_client
    socket = await client.http.ws_connect(str(url))
             ^^^^^^^^^^^^^^^^^^^^^^^^^^^^^^^^^^^^^^
  File "/home/hermes01/.hermes/hermes-agent/venv/lib/python3.11/site-packages/discord/http.py", line 571, in ws_connect
    return await self.__session.ws_connect(url, **kwargs)
           ^^^^^^^^^^^^^^^^^^^^^^^^^^^^^^^^^^^^^^^^^^^^^^
  File "/home/hermes01/.hermes/hermes-agent/venv/lib/python3.11/site-packages/aiohttp/client.py", line 1087, in _ws_connect
    resp = await self.request(
           ^^^^^^^^^^^^^^^^^^^
  File "/home/hermes01/.hermes/hermes-agent/venv/lib/python3.11/site-packages/aiohttp/client.py", line 788, in _request
    resp = await handler(req)
           ^^^^^^^^^^^^^^^^^^
  File "/home/hermes01/.hermes/hermes-agent/venv/lib/python3.11/site-packages/aiohttp/client.py", line 742, in _connect_and_send_request
    conn = await self._connector.connect(
           ^^^^^^^^^^^^^^^^^^^^^^^^^^^^^^
  File "/home/hermes01/.hermes/hermes-agent/venv/lib/python3.11/site-packages/aiohttp/connector.py", line 672, in connect
    proto = await self._create_connection(req, traces, timeout)
            ^^^^^^^^^^^^^^^^^^^^^^^^^^^^^^^^^^^^^^^^^^^^^^^^^^^
  File "/home/hermes01/.hermes/hermes-agent/venv/lib/python3.11/site-packages/aiohttp/connector.py", line 1251, in _create_connection
    _, proto = await self._create_direct_connection(req, traces, timeout)
               ^^^^^^^^^^^^^^^^^^^^^^^^^^^^^^^^^^^^^^^^^^^^^^^^^^^^^^^^^^
  File "/home/hermes01/.hermes/hermes-agent/venv/lib/python3.11/site-packages/aiohttp/connector.py", line 1580, in _create_direct_connection
    raise ClientConnectorDNSError(req.connection_key, exc) from exc
aiohttp.client_exceptions.ClientConnectorDNSError: Cannot connect to host gateway-us-east1-b.discord.gg:443 ssl:default [Name or service not known]
[2026-04-30 12:00:47] [ERROR   ] discord.client: Attempting a reconnect in 0.20s
Traceback (most recent call last):
  File "/home/hermes01/.hermes/hermes-agent/venv/lib/python3.11/site-packages/aiohttp/connector.py", line 1574, in _create_direct_connection
    hosts = await self._resolve_host(host, port, traces=traces)
            ^^^^^^^^^^^^^^^^^^^^^^^^^^^^^^^^^^^^^^^^^^^^^^^^^^^
  File "/home/hermes01/.hermes/hermes-agent/venv/lib/python3.11/site-packages/aiohttp/connector.py", line 1190, in _resolve_host
    return await asyncio.shield(resolved_host_task)
           ^^^^^^^^^^^^^^^^^^^^^^^^^^^^^^^^^^^^^^^^
  File "/home/hermes01/.hermes/hermes-agent/venv/lib/python3.11/site-packages/aiohttp/connector.py", line 1221, in _resolve_host_with_throttle
    addrs = await self._resolver.resolve(host, port, family=self._family)
            ^^^^^^^^^^^^^^^^^^^^^^^^^^^^^^^^^^^^^^^^^^^^^^^^^^^^^^^^^^^^^
  File "/home/hermes01/.hermes/hermes-agent/venv/lib/python3.11/site-packages/aiohttp/resolver.py", line 40, in resolve
    infos = await self._loop.getaddrinfo(
            ^^^^^^^^^^^^^^^^^^^^^^^^^^^^^
  File "/home/hermes01/.local/share/uv/python/cpython-3.11.15-linux-x86_64-gnu/lib/python3.11/asyncio/base_events.py", line 868, in getaddrinfo
    return await self.run_in_executor(
           ^^^^^^^^^^^^^^^^^^^^^^^^^^^
  File "/home/hermes01/.local/share/uv/python/cpython-3.11.15-linux-x86_64-gnu/lib/python3.11/concurrent/futures/thread.py", line 58, in run
    result = self.fn(*self.args, **self.kwargs)
             ^^^^^^^^^^^^^^^^^^^^^^^^^^^^^^^^^^
  File "/home/hermes01/.local/share/uv/python/cpython-3.11.15-linux-x86_64-gnu/lib/python3.11/socket.py", line 974, in getaddrinfo
    for res in _socket.getaddrinfo(host, port, family, type, proto, flags):
               ^^^^^^^^^^^^^^^^^^^^^^^^^^^^^^^^^^^^^^^^^^^^^^^^^^^^^^^^^^^
socket.gaierror: [Errno -2] Name or service not known

The above exception was the direct cause of the following exception:

Traceback (most recent call last):
  File "/home/hermes01/.hermes/hermes-agent/venv/lib/python3.11/site-packages/discord/client.py", line 728, in connect
    self.ws = await asyncio.wait_for(coro, timeout=60.0)
              ^^^^^^^^^^^^^^^^^^^^^^^^^^^^^^^^^^^^^^^^^^
  File "/home/hermes01/.local/share/uv/python/cpython-3.11.15-linux-x86_64-gnu/lib/python3.11/asyncio/tasks.py", line 489, in wait_for
    return fut.result()
           ^^^^^^^^^^^^
  File "/home/hermes01/.hermes/hermes-agent/venv/lib/python3.11/site-packages/discord/gateway.py", line 392, in from_client
    socket = await client.http.ws_connect(str(url))
             ^^^^^^^^^^^^^^^^^^^^^^^^^^^^^^^^^^^^^^
  File "/home/hermes01/.hermes/hermes-agent/venv/lib/python3.11/site-packages/discord/http.py", line 571, in ws_connect
    return await self.__session.ws_connect(url, **kwargs)
           ^^^^^^^^^^^^^^^^^^^^^^^^^^^^^^^^^^^^^^^^^^^^^^
  File "/home/hermes01/.hermes/hermes-agent/venv/lib/python3.11/site-packages/aiohttp/client.py", line 1087, in _ws_connect
    resp = await self.request(
           ^^^^^^^^^^^^^^^^^^^
  File "/home/hermes01/.hermes/hermes-agent/venv/lib/python3.11/site-packages/aiohttp/client.py", line 788, in _request
    resp = await handler(req)
           ^^^^^^^^^^^^^^^^^^
  File "/home/hermes01/.hermes/hermes-agent/venv/lib/python3.11/site-packages/aiohttp/client.py", line 742, in _connect_and_send_request
    conn = await self._connector.connect(
           ^^^^^^^^^^^^^^^^^^^^^^^^^^^^^^
  File "/home/hermes01/.hermes/hermes-agent/venv/lib/python3.11/site-packages/aiohttp/connector.py", line 672, in connect
    proto = await self._create_connection(req, traces, timeout)
            ^^^^^^^^^^^^^^^^^^^^^^^^^^^^^^^^^^^^^^^^^^^^^^^^^^^
  File "/home/hermes01/.hermes/hermes-agent/venv/lib/python3.11/site-packages/aiohttp/connector.py", line 1251, in _create_connection
    _, proto = await self._create_direct_connection(req, traces, timeout)
               ^^^^^^^^^^^^^^^^^^^^^^^^^^^^^^^^^^^^^^^^^^^^^^^^^^^^^^^^^^
  File "/home/hermes01/.hermes/hermes-agent/venv/lib/python3.11/site-packages/aiohttp/connector.py", line 1580, in _create_direct_connection
    raise ClientConnectorDNSError(req.connection_key, exc) from exc
aiohttp.client_exceptions.ClientConnectorDNSError: Cannot connect to host gateway-us-east1-b.discord.gg:443 ssl:default [Name or service not known]
2026-04-30 12:00:47,965 [ERROR] discord.client: Attempting a reconnect in 0.20s
Traceback (most recent call last):
  File "/home/hermes01/.hermes/hermes-agent/venv/lib/python3.11/site-packages/aiohttp/connector.py", line 1574, in _create_direct_connection
    hosts = await self._resolve_host(host, port, traces=traces)
            ^^^^^^^^^^^^^^^^^^^^^^^^^^^^^^^^^^^^^^^^^^^^^^^^^^^
  File "/home/hermes01/.hermes/hermes-agent/venv/lib/python3.11/site-packages/aiohttp/connector.py", line 1190, in _resolve_host
    return await asyncio.shield(resolved_host_task)
           ^^^^^^^^^^^^^^^^^^^^^^^^^^^^^^^^^^^^^^^^
  File "/home/hermes01/.hermes/hermes-agent/venv/lib/python3.11/site-packages/aiohttp/connector.py", line 1221, in _resolve_host_with_throttle
    addrs = await self._resolver.resolve(host, port, family=self._family)
            ^^^^^^^^^^^^^^^^^^^^^^^^^^^^^^^^^^^^^^^^^^^^^^^^^^^^^^^^^^^^^
  File "/home/hermes01/.hermes/hermes-agent/venv/lib/python3.11/site-packages/aiohttp/resolver.py", line 40, in resolve
    infos = await self._loop.getaddrinfo(
            ^^^^^^^^^^^^^^^^^^^^^^^^^^^^^
  File "/home/hermes01/.local/share/uv/python/cpython-3.11.15-linux-x86_64-gnu/lib/python3.11/asyncio/base_events.py", line 868, in getaddrinfo
    return await self.run_in_executor(
           ^^^^^^^^^^^^^^^^^^^^^^^^^^^
  File "/home/hermes01/.local/share/uv/python/cpython-3.11.15-linux-x86_64-gnu/lib/python3.11/concurrent/futures/thread.py", line 58, in run
    result = self.fn(*self.args, **self.kwargs)
             ^^^^^^^^^^^^^^^^^^^^^^^^^^^^^^^^^^
  File "/home/hermes01/.local/share/uv/python/cpython-3.11.15-linux-x86_64-gnu/lib/python3.11/socket.py", line 974, in getaddrinfo
    for res in _socket.getaddrinfo(host, port, family, type, proto, flags):
               ^^^^^^^^^^^^^^^^^^^^^^^^^^^^^^^^^^^^^^^^^^^^^^^^^^^^^^^^^^^
socket.gaierror: [Errno -2] Name or service not known

The above exception was the direct cause of the following exception:

Traceback (most recent call last):
  File "/home/hermes01/.hermes/hermes-agent/venv/lib/python3.11/site-packages/discord/client.py", line 728, in connect
    self.ws = await asyncio.wait_for(coro, timeout=60.0)
              ^^^^^^^^^^^^^^^^^^^^^^^^^^^^^^^^^^^^^^^^^^
  File "/home/hermes01/.local/share/uv/python/cpython-3.11.15-linux-x86_64-gnu/lib/python3.11/asyncio/tasks.py", line 489, in wait_for
    return fut.result()
           ^^^^^^^^^^^^
  File "/home/hermes01/.hermes/hermes-agent/venv/lib/python3.11/site-packages/discord/gateway.py", line 392, in from_client
    socket = await client.http.ws_connect(str(url))
             ^^^^^^^^^^^^^^^^^^^^^^^^^^^^^^^^^^^^^^
  File "/home/hermes01/.hermes/hermes-agent/venv/lib/python3.11/site-packages/discord/http.py", line 571, in ws_connect
    return await self.__session.ws_connect(url, **kwargs)
           ^^^^^^^^^^^^^^^^^^^^^^^^^^^^^^^^^^^^^^^^^^^^^^
  File "/home/hermes01/.hermes/hermes-agent/venv/lib/python3.11/site-packages/aiohttp/client.py", line 1087, in _ws_connect
    resp = await self.request(
           ^^^^^^^^^^^^^^^^^^^
  File "/home/hermes01/.hermes/hermes-agent/venv/lib/python3.11/site-packages/aiohttp/client.py", line 788, in _request
    resp = await handler(req)
           ^^^^^^^^^^^^^^^^^^
  File "/home/hermes01/.hermes/hermes-agent/venv/lib/python3.11/site-packages/aiohttp/client.py", line 742, in _connect_and_send_request
    conn = await self._connector.connect(
           ^^^^^^^^^^^^^^^^^^^^^^^^^^^^^^
  File "/home/hermes01/.hermes/hermes-agent/venv/lib/python3.11/site-packages/aiohttp/connector.py", line 672, in connect
    proto = await self._create_connection(req, traces, timeout)
            ^^^^^^^^^^^^^^^^^^^^^^^^^^^^^^^^^^^^^^^^^^^^^^^^^^^
  File "/home/hermes01/.hermes/hermes-agent/venv/lib/python3.11/site-packages/aiohttp/connector.py", line 1251, in _create_connection
    _, proto = await self._create_direct_connection(req, traces, timeout)
               ^^^^^^^^^^^^^^^^^^^^^^^^^^^^^^^^^^^^^^^^^^^^^^^^^^^^^^^^^^
  File "/home/hermes01/.hermes/hermes-agent/venv/lib/python3.11/site-packages/aiohttp/connector.py", line 1580, in _create_direct_connection
    raise ClientConnectorDNSError(req.connection_key, exc) from exc
aiohttp.client_exceptions.ClientConnectorDNSError: Cannot connect to host gateway-us-east1-b.discord.gg:443 ssl:default [Name or service not known]
[2026-04-30 12:00:55] [WARNING ] discord.voice_state: Could not connect to voice... Retrying...
2026-04-30 12:00:55,695 [WARNING] discord.voice_state: Could not connect to voice... Retrying...
[2026-04-30 12:00:58] [ERROR   ] discord.client: Attempting a reconnect in 4.03s
Traceback (most recent call last):
  File "/home/hermes01/.hermes/hermes-agent/venv/lib/python3.11/site-packages/aiohttp/connector.py", line 1574, in _create_direct_connection
    hosts = await self._resolve_host(host, port, traces=traces)
            ^^^^^^^^^^^^^^^^^^^^^^^^^^^^^^^^^^^^^^^^^^^^^^^^^^^
  File "/home/hermes01/.hermes/hermes-agent/venv/lib/python3.11/site-packages/aiohttp/connector.py", line 1190, in _resolve_host
    return await asyncio.shield(resolved_host_task)
           ^^^^^^^^^^^^^^^^^^^^^^^^^^^^^^^^^^^^^^^^
  File "/home/hermes01/.hermes/hermes-agent/venv/lib/python3.11/site-packages/aiohttp/connector.py", line 1221, in _resolve_host_with_throttle
    addrs = await self._resolver.resolve(host, port, family=self._family)
            ^^^^^^^^^^^^^^^^^^^^^^^^^^^^^^^^^^^^^^^^^^^^^^^^^^^^^^^^^^^^^
  File "/home/hermes01/.hermes/hermes-agent/venv/lib/python3.11/site-packages/aiohttp/resolver.py", line 40, in resolve
    infos = await self._loop.getaddrinfo(
            ^^^^^^^^^^^^^^^^^^^^^^^^^^^^^
  File "/home/hermes01/.local/share/uv/python/cpython-3.11.15-linux-x86_64-gnu/lib/python3.11/asyncio/base_events.py", line 868, in getaddrinfo
    return await self.run_in_executor(
           ^^^^^^^^^^^^^^^^^^^^^^^^^^^
  File "/home/hermes01/.local/share/uv/python/cpython-3.11.15-linux-x86_64-gnu/lib/python3.11/concurrent/futures/thread.py", line 58, in run
    result = self.fn(*self.args, **self.kwargs)
             ^^^^^^^^^^^^^^^^^^^^^^^^^^^^^^^^^^
  File "/home/hermes01/.local/share/uv/python/cpython-3.11.15-linux-x86_64-gnu/lib/python3.11/socket.py", line 974, in getaddrinfo
    for res in _socket.getaddrinfo(host, port, family, type, proto, flags):
               ^^^^^^^^^^^^^^^^^^^^^^^^^^^^^^^^^^^^^^^^^^^^^^^^^^^^^^^^^^^
socket.gaierror: [Errno -2] Name or service not known

The above exception was the direct cause of the following exception:

Traceback (most recent call last):
  File "/home/hermes01/.hermes/hermes-agent/venv/lib/python3.11/site-packages/discord/client.py", line 728, in connect
    self.ws = await asyncio.wait_for(coro, timeout=60.0)
              ^^^^^^^^^^^^^^^^^^^^^^^^^^^^^^^^^^^^^^^^^^
  File "/home/hermes01/.local/share/uv/python/cpython-3.11.15-linux-x86_64-gnu/lib/python3.11/asyncio/tasks.py", line 489, in wait_for
    return fut.result()
           ^^^^^^^^^^^^
  File "/home/hermes01/.hermes/hermes-agent/venv/lib/python3.11/site-packages/discord/gateway.py", line 392, in from_client
    socket = await client.http.ws_connect(str(url))
             ^^^^^^^^^^^^^^^^^^^^^^^^^^^^^^^^^^^^^^
  File "/home/hermes01/.hermes/hermes-agent/venv/lib/python3.11/site-packages/discord/http.py", line 571, in ws_connect
    return await self.__session.ws_connect(url, **kwargs)
           ^^^^^^^^^^^^^^^^^^^^^^^^^^^^^^^^^^^^^^^^^^^^^^
  File "/home/hermes01/.hermes/hermes-agent/venv/lib/python3.11/site-packages/aiohttp/client.py", line 1087, in _ws_connect
    resp = await self.request(
           ^^^^^^^^^^^^^^^^^^^
  File "/home/hermes01/.hermes/hermes-agent/venv/lib/python3.11/site-packages/aiohttp/client.py", line 788, in _request
    resp = await handler(req)
           ^^^^^^^^^^^^^^^^^^
  File "/home/hermes01/.hermes/hermes-agent/venv/lib/python3.11/site-packages/aiohttp/client.py", line 742, in _connect_and_send_request
    conn = await self._connector.connect(
           ^^^^^^^^^^^^^^^^^^^^^^^^^^^^^^
  File "/home/hermes01/.hermes/hermes-agent/venv/lib/python3.11/site-packages/aiohttp/connector.py", line 672, in connect
    proto = await self._create_connection(req, traces, timeout)
            ^^^^^^^^^^^^^^^^^^^^^^^^^^^^^^^^^^^^^^^^^^^^^^^^^^^
  File "/home/hermes01/.hermes/hermes-agent/venv/lib/python3.11/site-packages/aiohttp/connector.py", line 1251, in _create_connection
    _, proto = await self._create_direct_connection(req, traces, timeout)
               ^^^^^^^^^^^^^^^^^^^^^^^^^^^^^^^^^^^^^^^^^^^^^^^^^^^^^^^^^^
  File "/home/hermes01/.hermes/hermes-agent/venv/lib/python3.11/site-packages/aiohttp/connector.py", line 1580, in _create_direct_connection
    raise ClientConnectorDNSError(req.connection_key, exc) from exc
aiohttp.client_exceptions.ClientConnectorDNSError: Cannot connect to host gateway-us-east1-b.discord.gg:443 ssl:default [Name or service not known]
2026-04-30 12:00:58,176 [ERROR] discord.client: Attempting a reconnect in 4.03s
Traceback (most recent call last):
  File "/home/hermes01/.hermes/hermes-agent/venv/lib/python3.11/site-packages/aiohttp/connector.py", line 1574, in _create_direct_connection
    hosts = await self._resolve_host(host, port, traces=traces)
            ^^^^^^^^^^^^^^^^^^^^^^^^^^^^^^^^^^^^^^^^^^^^^^^^^^^
  File "/home/hermes01/.hermes/hermes-agent/venv/lib/python3.11/site-packages/aiohttp/connector.py", line 1190, in _resolve_host
    return await asyncio.shield(resolved_host_task)
           ^^^^^^^^^^^^^^^^^^^^^^^^^^^^^^^^^^^^^^^^
  File "/home/hermes01/.hermes/hermes-agent/venv/lib/python3.11/site-packages/aiohttp/connector.py", line 1221, in _resolve_host_with_throttle
    addrs = await self._resolver.resolve(host, port, family=self._family)
            ^^^^^^^^^^^^^^^^^^^^^^^^^^^^^^^^^^^^^^^^^^^^^^^^^^^^^^^^^^^^^
  File "/home/hermes01/.hermes/hermes-agent/venv/lib/python3.11/site-packages/aiohttp/resolver.py", line 40, in resolve
    infos = await self._loop.getaddrinfo(
            ^^^^^^^^^^^^^^^^^^^^^^^^^^^^^
  File "/home/hermes01/.local/share/uv/python/cpython-3.11.15-linux-x86_64-gnu/lib/python3.11/asyncio/base_events.py", line 868, in getaddrinfo
    return await self.run_in_executor(
           ^^^^^^^^^^^^^^^^^^^^^^^^^^^
  File "/home/hermes01/.local/share/uv/python/cpython-3.11.15-linux-x86_64-gnu/lib/python3.11/concurrent/futures/thread.py", line 58, in run
    result = self.fn(*self.args, **self.kwargs)
             ^^^^^^^^^^^^^^^^^^^^^^^^^^^^^^^^^^
  File "/home/hermes01/.local/share/uv/python/cpython-3.11.15-linux-x86_64-gnu/lib/python3.11/socket.py", line 974, in getaddrinfo
    for res in _socket.getaddrinfo(host, port, family, type, proto, flags):
               ^^^^^^^^^^^^^^^^^^^^^^^^^^^^^^^^^^^^^^^^^^^^^^^^^^^^^^^^^^^
socket.gaierror: [Errno -2] Name or service not known

The above exception was the direct cause of the following exception:

Traceback (most recent call last):
  File "/home/hermes01/.hermes/hermes-agent/venv/lib/python3.11/site-packages/discord/client.py", line 728, in connect
    self.ws = await asyncio.wait_for(coro, timeout=60.0)
              ^^^^^^^^^^^^^^^^^^^^^^^^^^^^^^^^^^^^^^^^^^
  File "/home/hermes01/.local/share/uv/python/cpython-3.11.15-linux-x86_64-gnu/lib/python3.11/asyncio/tasks.py", line 489, in wait_for
    return fut.result()
           ^^^^^^^^^^^^
  File "/home/hermes01/.hermes/hermes-agent/venv/lib/python3.11/site-packages/discord/gateway.py", line 392, in from_client
    socket = await client.http.ws_connect(str(url))
             ^^^^^^^^^^^^^^^^^^^^^^^^^^^^^^^^^^^^^^
  File "/home/hermes01/.hermes/hermes-agent/venv/lib/python3.11/site-packages/discord/http.py", line 571, in ws_connect
    return await self.__session.ws_connect(url, **kwargs)
           ^^^^^^^^^^^^^^^^^^^^^^^^^^^^^^^^^^^^^^^^^^^^^^
  File "/home/hermes01/.hermes/hermes-agent/venv/lib/python3.11/site-packages/aiohttp/client.py", line 1087, in _ws_connect
    resp = await self.request(
           ^^^^^^^^^^^^^^^^^^^
  File "/home/hermes01/.hermes/hermes-agent/venv/lib/python3.11/site-packages/aiohttp/client.py", line 788, in _request
    resp = await handler(req)
           ^^^^^^^^^^^^^^^^^^
  File "/home/hermes01/.hermes/hermes-agent/venv/lib/python3.11/site-packages/aiohttp/client.py", line 742, in _connect_and_send_request
    conn = await self._connector.connect(
           ^^^^^^^^^^^^^^^^^^^^^^^^^^^^^^
  File "/home/hermes01/.hermes/hermes-agent/venv/lib/python3.11/site-packages/aiohttp/connector.py", line 672, in connect
    proto = await self._create_connection(req, traces, timeout)
            ^^^^^^^^^^^^^^^^^^^^^^^^^^^^^^^^^^^^^^^^^^^^^^^^^^^
  File "/home/hermes01/.hermes/hermes-agent/venv/lib/python3.11/site-packages/aiohttp/connector.py", line 1251, in _create_connection
    _, proto = await self._create_direct_connection(req, traces, timeout)
               ^^^^^^^^^^^^^^^^^^^^^^^^^^^^^^^^^^^^^^^^^^^^^^^^^^^^^^^^^^
  File "/home/hermes01/.hermes/hermes-agent/venv/lib/python3.11/site-packages/aiohttp/connector.py", line 1580, in _create_direct_connection
    raise ClientConnectorDNSError(req.connection_key, exc) from exc
aiohttp.client_exceptions.ClientConnectorDNSError: Cannot connect to host gateway-us-east1-b.discord.gg:443 ssl:default [Name or service not known]
[2026-04-30 12:01:12] [ERROR   ] discord.client: Attempting a reconnect in 10.26s
Traceback (most recent call last):
  File "/home/hermes01/.hermes/hermes-agent/venv/lib/python3.11/site-packages/aiohttp/connector.py", line 1574, in _create_direct_connection
    hosts = await self._resolve_host(host, port, traces=traces)
            ^^^^^^^^^^^^^^^^^^^^^^^^^^^^^^^^^^^^^^^^^^^^^^^^^^^
  File "/home/hermes01/.hermes/hermes-agent/venv/lib/python3.11/site-packages/aiohttp/connector.py", line 1190, in _resolve_host
    return await asyncio.shield(resolved_host_task)
           ^^^^^^^^^^^^^^^^^^^^^^^^^^^^^^^^^^^^^^^^
  File "/home/hermes01/.hermes/hermes-agent/venv/lib/python3.11/site-packages/aiohttp/connector.py", line 1221, in _resolve_host_with_throttle
    addrs = await self._resolver.resolve(host, port, family=self._family)
            ^^^^^^^^^^^^^^^^^^^^^^^^^^^^^^^^^^^^^^^^^^^^^^^^^^^^^^^^^^^^^
  File "/home/hermes01/.hermes/hermes-agent/venv/lib/python3.11/site-packages/aiohttp/resolver.py", line 40, in resolve
    infos = await self._loop.getaddrinfo(
            ^^^^^^^^^^^^^^^^^^^^^^^^^^^^^
  File "/home/hermes01/.local/share/uv/python/cpython-3.11.15-linux-x86_64-gnu/lib/python3.11/asyncio/base_events.py", line 868, in getaddrinfo
    return await self.run_in_executor(
           ^^^^^^^^^^^^^^^^^^^^^^^^^^^
  File "/home/hermes01/.local/share/uv/python/cpython-3.11.15-linux-x86_64-gnu/lib/python3.11/concurrent/futures/thread.py", line 58, in run
    result = self.fn(*self.args, **self.kwargs)
             ^^^^^^^^^^^^^^^^^^^^^^^^^^^^^^^^^^
  File "/home/hermes01/.local/share/uv/python/cpython-3.11.15-linux-x86_64-gnu/lib/python3.11/socket.py", line 974, in getaddrinfo
    for res in _socket.getaddrinfo(host, port, family, type, proto, flags):
               ^^^^^^^^^^^^^^^^^^^^^^^^^^^^^^^^^^^^^^^^^^^^^^^^^^^^^^^^^^^
socket.gaierror: [Errno -2] Name or service not known

The above exception was the direct cause of the following exception:

Traceback (most recent call last):
  File "/home/hermes01/.hermes/hermes-agent/venv/lib/python3.11/site-packages/discord/client.py", line 728, in connect
    self.ws = await asyncio.wait_for(coro, timeout=60.0)
              ^^^^^^^^^^^^^^^^^^^^^^^^^^^^^^^^^^^^^^^^^^
  File "/home/hermes01/.local/share/uv/python/cpython-3.11.15-linux-x86_64-gnu/lib/python3.11/asyncio/tasks.py", line 489, in wait_for
    return fut.result()
           ^^^^^^^^^^^^
  File "/home/hermes01/.hermes/hermes-agent/venv/lib/python3.11/site-packages/discord/gateway.py", line 392, in from_client
    socket = await client.http.ws_connect(str(url))
             ^^^^^^^^^^^^^^^^^^^^^^^^^^^^^^^^^^^^^^
  File "/home/hermes01/.hermes/hermes-agent/venv/lib/python3.11/site-packages/discord/http.py", line 571, in ws_connect
    return await self.__session.ws_connect(url, **kwargs)
           ^^^^^^^^^^^^^^^^^^^^^^^^^^^^^^^^^^^^^^^^^^^^^^
  File "/home/hermes01/.hermes/hermes-agent/venv/lib/python3.11/site-packages/aiohttp/client.py", line 1087, in _ws_connect
    resp = await self.request(
           ^^^^^^^^^^^^^^^^^^^
  File "/home/hermes01/.hermes/hermes-agent/venv/lib/python3.11/site-packages/aiohttp/client.py", line 788, in _request
    resp = await handler(req)
           ^^^^^^^^^^^^^^^^^^
  File "/home/hermes01/.hermes/hermes-agent/venv/lib/python3.11/site-packages/aiohttp/client.py", line 742, in _connect_and_send_request
    conn = await self._connector.connect(
           ^^^^^^^^^^^^^^^^^^^^^^^^^^^^^^
  File "/home/hermes01/.hermes/hermes-agent/venv/lib/python3.11/site-packages/aiohttp/connector.py", line 672, in connect
    proto = await self._create_connection(req, traces, timeout)
            ^^^^^^^^^^^^^^^^^^^^^^^^^^^^^^^^^^^^^^^^^^^^^^^^^^^
  File "/home/hermes01/.hermes/hermes-agent/venv/lib/python3.11/site-packages/aiohttp/connector.py", line 1251, in _create_connection
    _, proto = await self._create_direct_connection(req, traces, timeout)
               ^^^^^^^^^^^^^^^^^^^^^^^^^^^^^^^^^^^^^^^^^^^^^^^^^^^^^^^^^^
  File "/home/hermes01/.hermes/hermes-agent/venv/lib/python3.11/site-packages/aiohttp/connector.py", line 1580, in _create_direct_connection
    raise ClientConnectorDNSError(req.connection_key, exc) from exc
aiohttp.client_exceptions.ClientConnectorDNSError: Cannot connect to host gateway-us-east1-b.discord.gg:443 ssl:default [Name or service not known]
2026-04-30 12:01:12,220 [ERROR] discord.client: Attempting a reconnect in 10.26s
Traceback (most recent call last):
  File "/home/hermes01/.hermes/hermes-agent/venv/lib/python3.11/site-packages/aiohttp/connector.py", line 1574, in _create_direct_connection
    hosts = await self._resolve_host(host, port, traces=traces)
            ^^^^^^^^^^^^^^^^^^^^^^^^^^^^^^^^^^^^^^^^^^^^^^^^^^^
  File "/home/hermes01/.hermes/hermes-agent/venv/lib/python3.11/site-packages/aiohttp/connector.py", line 1190, in _resolve_host
    return await asyncio.shield(resolved_host_task)
           ^^^^^^^^^^^^^^^^^^^^^^^^^^^^^^^^^^^^^^^^
  File "/home/hermes01/.hermes/hermes-agent/venv/lib/python3.11/site-packages/aiohttp/connector.py", line 1221, in _resolve_host_with_throttle
    addrs = await self._resolver.resolve(host, port, family=self._family)
            ^^^^^^^^^^^^^^^^^^^^^^^^^^^^^^^^^^^^^^^^^^^^^^^^^^^^^^^^^^^^^
  File "/home/hermes01/.hermes/hermes-agent/venv/lib/python3.11/site-packages/aiohttp/resolver.py", line 40, in resolve
    infos = await self._loop.getaddrinfo(
            ^^^^^^^^^^^^^^^^^^^^^^^^^^^^^
  File "/home/hermes01/.local/share/uv/python/cpython-3.11.15-linux-x86_64-gnu/lib/python3.11/asyncio/base_events.py", line 868, in getaddrinfo
    return await self.run_in_executor(
           ^^^^^^^^^^^^^^^^^^^^^^^^^^^
  File "/home/hermes01/.local/share/uv/python/cpython-3.11.15-linux-x86_64-gnu/lib/python3.11/concurrent/futures/thread.py", line 58, in run
    result = self.fn(*self.args, **self.kwargs)
             ^^^^^^^^^^^^^^^^^^^^^^^^^^^^^^^^^^
  File "/home/hermes01/.local/share/uv/python/cpython-3.11.15-linux-x86_64-gnu/lib/python3.11/socket.py", line 974, in getaddrinfo
    for res in _socket.getaddrinfo(host, port, family, type, proto, flags):
               ^^^^^^^^^^^^^^^^^^^^^^^^^^^^^^^^^^^^^^^^^^^^^^^^^^^^^^^^^^^
socket.gaierror: [Errno -2] Name or service not known

The above exception was the direct cause of the following exception:

Traceback (most recent call last):
  File "/home/hermes01/.hermes/hermes-agent/venv/lib/python3.11/site-packages/discord/client.py", line 728, in connect
    self.ws = await asyncio.wait_for(coro, timeout=60.0)
              ^^^^^^^^^^^^^^^^^^^^^^^^^^^^^^^^^^^^^^^^^^
  File "/home/hermes01/.local/share/uv/python/cpython-3.11.15-linux-x86_64-gnu/lib/python3.11/asyncio/tasks.py", line 489, in wait_for
    return fut.result()
           ^^^^^^^^^^^^
  File "/home/hermes01/.hermes/hermes-agent/venv/lib/python3.11/site-packages/discord/gateway.py", line 392, in from_client
    socket = await client.http.ws_connect(str(url))
             ^^^^^^^^^^^^^^^^^^^^^^^^^^^^^^^^^^^^^^
  File "/home/hermes01/.hermes/hermes-agent/venv/lib/python3.11/site-packages/discord/http.py", line 571, in ws_connect
    return await self.__session.ws_connect(url, **kwargs)
           ^^^^^^^^^^^^^^^^^^^^^^^^^^^^^^^^^^^^^^^^^^^^^^
  File "/home/hermes01/.hermes/hermes-agent/venv/lib/python3.11/site-packages/aiohttp/client.py", line 1087, in _ws_connect
    resp = await self.request(
           ^^^^^^^^^^^^^^^^^^^
  File "/home/hermes01/.hermes/hermes-agent/venv/lib/python3.11/site-packages/aiohttp/client.py", line 788, in _request
    resp = await handler(req)
           ^^^^^^^^^^^^^^^^^^
  File "/home/hermes01/.hermes/hermes-agent/venv/lib/python3.11/site-packages/aiohttp/client.py", line 742, in _connect_and_send_request
    conn = await self._connector.connect(
           ^^^^^^^^^^^^^^^^^^^^^^^^^^^^^^
  File "/home/hermes01/.hermes/hermes-agent/venv/lib/python3.11/site-packages/aiohttp/connector.py", line 672, in connect
    proto = await self._create_connection(req, traces, timeout)
            ^^^^^^^^^^^^^^^^^^^^^^^^^^^^^^^^^^^^^^^^^^^^^^^^^^^
  File "/home/hermes01/.hermes/hermes-agent/venv/lib/python3.11/site-packages/aiohttp/connector.py", line 1251, in _create_connection
    _, proto = await self._create_direct_connection(req, traces, timeout)
               ^^^^^^^^^^^^^^^^^^^^^^^^^^^^^^^^^^^^^^^^^^^^^^^^^^^^^^^^^^
  File "/home/hermes01/.hermes/hermes-agent/venv/lib/python3.11/site-packages/aiohttp/connector.py", line 1580, in _create_direct_connection
    raise ClientConnectorDNSError(req.connection_key, exc) from exc
aiohttp.client_exceptions.ClientConnectorDNSError: Cannot connect to host gateway-us-east1-b.discord.gg:443 ssl:default [Name or service not known]
[2026-04-30 12:01:32] [ERROR   ] discord.client: Attempting a reconnect in 11.33s
Traceback (most recent call last):
  File "/home/hermes01/.hermes/hermes-agent/venv/lib/python3.11/site-packages/aiohttp/connector.py", line 1574, in _create_direct_connection
    hosts = await self._resolve_host(host, port, traces=traces)
            ^^^^^^^^^^^^^^^^^^^^^^^^^^^^^^^^^^^^^^^^^^^^^^^^^^^
  File "/home/hermes01/.hermes/hermes-agent/venv/lib/python3.11/site-packages/aiohttp/connector.py", line 1190, in _resolve_host
    return await asyncio.shield(resolved_host_task)
           ^^^^^^^^^^^^^^^^^^^^^^^^^^^^^^^^^^^^^^^^
  File "/home/hermes01/.hermes/hermes-agent/venv/lib/python3.11/site-packages/aiohttp/connector.py", line 1221, in _resolve_host_with_throttle
    addrs = await self._resolver.resolve(host, port, family=self._family)
            ^^^^^^^^^^^^^^^^^^^^^^^^^^^^^^^^^^^^^^^^^^^^^^^^^^^^^^^^^^^^^
  File "/home/hermes01/.hermes/hermes-agent/venv/lib/python3.11/site-packages/aiohttp/resolver.py", line 40, in resolve
    infos = await self._loop.getaddrinfo(
            ^^^^^^^^^^^^^^^^^^^^^^^^^^^^^
  File "/home/hermes01/.local/share/uv/python/cpython-3.11.15-linux-x86_64-gnu/lib/python3.11/asyncio/base_events.py", line 868, in getaddrinfo
    return await self.run_in_executor(
           ^^^^^^^^^^^^^^^^^^^^^^^^^^^
  File "/home/hermes01/.local/share/uv/python/cpython-3.11.15-linux-x86_64-gnu/lib/python3.11/concurrent/futures/thread.py", line 58, in run
    result = self.fn(*self.args, **self.kwargs)
             ^^^^^^^^^^^^^^^^^^^^^^^^^^^^^^^^^^
  File "/home/hermes01/.local/share/uv/python/cpython-3.11.15-linux-x86_64-gnu/lib/python3.11/socket.py", line 974, in getaddrinfo
    for res in _socket.getaddrinfo(host, port, family, type, proto, flags):
               ^^^^^^^^^^^^^^^^^^^^^^^^^^^^^^^^^^^^^^^^^^^^^^^^^^^^^^^^^^^
socket.gaierror: [Errno -2] Name or service not known

The above exception was the direct cause of the following exception:

Traceback (most recent call last):
  File "/home/hermes01/.hermes/hermes-agent/venv/lib/python3.11/site-packages/discord/client.py", line 728, in connect
    self.ws = await asyncio.wait_for(coro, timeout=60.0)
              ^^^^^^^^^^^^^^^^^^^^^^^^^^^^^^^^^^^^^^^^^^
  File "/home/hermes01/.local/share/uv/python/cpython-3.11.15-linux-x86_64-gnu/lib/python3.11/asyncio/tasks.py", line 489, in wait_for
    return fut.result()
           ^^^^^^^^^^^^
  File "/home/hermes01/.hermes/hermes-agent/venv/lib/python3.11/site-packages/discord/gateway.py", line 392, in from_client
    socket = await client.http.ws_connect(str(url))
             ^^^^^^^^^^^^^^^^^^^^^^^^^^^^^^^^^^^^^^
  File "/home/hermes01/.hermes/hermes-agent/venv/lib/python3.11/site-packages/discord/http.py", line 571, in ws_connect
    return await self.__session.ws_connect(url, **kwargs)
           ^^^^^^^^^^^^^^^^^^^^^^^^^^^^^^^^^^^^^^^^^^^^^^
  File "/home/hermes01/.hermes/hermes-agent/venv/lib/python3.11/site-packages/aiohttp/client.py", line 1087, in _ws_connect
    resp = await self.request(
           ^^^^^^^^^^^^^^^^^^^
  File "/home/hermes01/.hermes/hermes-agent/venv/lib/python3.11/site-packages/aiohttp/client.py", line 788, in _request
    resp = await handler(req)
           ^^^^^^^^^^^^^^^^^^
  File "/home/hermes01/.hermes/hermes-agent/venv/lib/python3.11/site-packages/aiohttp/client.py", line 742, in _connect_and_send_request
    conn = await self._connector.connect(
           ^^^^^^^^^^^^^^^^^^^^^^^^^^^^^^
  File "/home/hermes01/.hermes/hermes-agent/venv/lib/python3.11/site-packages/aiohttp/connector.py", line 672, in connect
    proto = await self._create_connection(req, traces, timeout)
            ^^^^^^^^^^^^^^^^^^^^^^^^^^^^^^^^^^^^^^^^^^^^^^^^^^^
  File "/home/hermes01/.hermes/hermes-agent/venv/lib/python3.11/site-packages/aiohttp/connector.py", line 1251, in _create_connection
    _, proto = await self._create_direct_connection(req, traces, timeout)
               ^^^^^^^^^^^^^^^^^^^^^^^^^^^^^^^^^^^^^^^^^^^^^^^^^^^^^^^^^^
  File "/home/hermes01/.hermes/hermes-agent/venv/lib/python3.11/site-packages/aiohttp/connector.py", line 1580, in _create_direct_connection
    raise ClientConnectorDNSError(req.connection_key, exc) from exc
aiohttp.client_exceptions.ClientConnectorDNSError: Cannot connect to host gateway-us-east1-b.discord.gg:443 ssl:default [Name or service not known]
2026-04-30 12:01:32,499 [ERROR] discord.client: Attempting a reconnect in 11.33s
Traceback (most recent call last):
  File "/home/hermes01/.hermes/hermes-agent/venv/lib/python3.11/site-packages/aiohttp/connector.py", line 1574, in _create_direct_connection
    hosts = await self._resolve_host(host, port, traces=traces)
            ^^^^^^^^^^^^^^^^^^^^^^^^^^^^^^^^^^^^^^^^^^^^^^^^^^^
  File "/home/hermes01/.hermes/hermes-agent/venv/lib/python3.11/site-packages/aiohttp/connector.py", line 1190, in _resolve_host
    return await asyncio.shield(resolved_host_task)
           ^^^^^^^^^^^^^^^^^^^^^^^^^^^^^^^^^^^^^^^^
  File "/home/hermes01/.hermes/hermes-agent/venv/lib/python3.11/site-packages/aiohttp/connector.py", line 1221, in _resolve_host_with_throttle
    addrs = await self._resolver.resolve(host, port, family=self._family)
            ^^^^^^^^^^^^^^^^^^^^^^^^^^^^^^^^^^^^^^^^^^^^^^^^^^^^^^^^^^^^^
  File "/home/hermes01/.hermes/hermes-agent/venv/lib/python3.11/site-packages/aiohttp/resolver.py", line 40, in resolve
    infos = await self._loop.getaddrinfo(
            ^^^^^^^^^^^^^^^^^^^^^^^^^^^^^
  File "/home/hermes01/.local/share/uv/python/cpython-3.11.15-linux-x86_64-gnu/lib/python3.11/asyncio/base_events.py", line 868, in getaddrinfo
    return await self.run_in_executor(
           ^^^^^^^^^^^^^^^^^^^^^^^^^^^
  File "/home/hermes01/.local/share/uv/python/cpython-3.11.15-linux-x86_64-gnu/lib/python3.11/concurrent/futures/thread.py", line 58, in run
    result = self.fn(*self.args, **self.kwargs)
             ^^^^^^^^^^^^^^^^^^^^^^^^^^^^^^^^^^
  File "/home/hermes01/.local/share/uv/python/cpython-3.11.15-linux-x86_64-gnu/lib/python3.11/socket.py", line 974, in getaddrinfo
    for res in _socket.getaddrinfo(host, port, family, type, proto, flags):
               ^^^^^^^^^^^^^^^^^^^^^^^^^^^^^^^^^^^^^^^^^^^^^^^^^^^^^^^^^^^
socket.gaierror: [Errno -2] Name or service not known

The above exception was the direct cause of the following exception:

Traceback (most recent call last):
  File "/home/hermes01/.hermes/hermes-agent/venv/lib/python3.11/site-packages/discord/client.py", line 728, in connect
    self.ws = await asyncio.wait_for(coro, timeout=60.0)
              ^^^^^^^^^^^^^^^^^^^^^^^^^^^^^^^^^^^^^^^^^^
  File "/home/hermes01/.local/share/uv/python/cpython-3.11.15-linux-x86_64-gnu/lib/python3.11/asyncio/tasks.py", line 489, in wait_for
    return fut.result()
           ^^^^^^^^^^^^
  File "/home/hermes01/.hermes/hermes-agent/venv/lib/python3.11/site-packages/discord/gateway.py", line 392, in from_client
    socket = await client.http.ws_connect(str(url))
             ^^^^^^^^^^^^^^^^^^^^^^^^^^^^^^^^^^^^^^
  File "/home/hermes01/.hermes/hermes-agent/venv/lib/python3.11/site-packages/discord/http.py", line 571, in ws_connect
    return await self.__session.ws_connect(url, **kwargs)
           ^^^^^^^^^^^^^^^^^^^^^^^^^^^^^^^^^^^^^^^^^^^^^^
  File "/home/hermes01/.hermes/hermes-agent/venv/lib/python3.11/site-packages/aiohttp/client.py", line 1087, in _ws_connect
    resp = await self.request(
           ^^^^^^^^^^^^^^^^^^^
  File "/home/hermes01/.hermes/hermes-agent/venv/lib/python3.11/site-packages/aiohttp/client.py", line 788, in _request
    resp = await handler(req)
           ^^^^^^^^^^^^^^^^^^
  File "/home/hermes01/.hermes/hermes-agent/venv/lib/python3.11/site-packages/aiohttp/client.py", line 742, in _connect_and_send_request
    conn = await self._connector.connect(
           ^^^^^^^^^^^^^^^^^^^^^^^^^^^^^^
  File "/home/hermes01/.hermes/hermes-agent/venv/lib/python3.11/site-packages/aiohttp/connector.py", line 672, in connect
    proto = await self._create_connection(req, traces, timeout)
            ^^^^^^^^^^^^^^^^^^^^^^^^^^^^^^^^^^^^^^^^^^^^^^^^^^^
  File "/home/hermes01/.hermes/hermes-agent/venv/lib/python3.11/site-packages/aiohttp/connector.py", line 1251, in _create_connection
    _, proto = await self._create_direct_connection(req, traces, timeout)
               ^^^^^^^^^^^^^^^^^^^^^^^^^^^^^^^^^^^^^^^^^^^^^^^^^^^^^^^^^^
  File "/home/hermes01/.hermes/hermes-agent/venv/lib/python3.11/site-packages/aiohttp/connector.py", line 1580, in _create_direct_connection
    raise ClientConnectorDNSError(req.connection_key, exc) from exc
aiohttp.client_exceptions.ClientConnectorDNSError: Cannot connect to host gateway-us-east1-b.discord.gg:443 ssl:default [Name or service not known]
[2026-04-30 12:01:53] [ERROR   ] discord.client: Attempting a reconnect in 51.06s
Traceback (most recent call last):
  File "/home/hermes01/.hermes/hermes-agent/venv/lib/python3.11/site-packages/aiohttp/connector.py", line 1574, in _create_direct_connection
    hosts = await self._resolve_host(host, port, traces=traces)
            ^^^^^^^^^^^^^^^^^^^^^^^^^^^^^^^^^^^^^^^^^^^^^^^^^^^
  File "/home/hermes01/.hermes/hermes-agent/venv/lib/python3.11/site-packages/aiohttp/connector.py", line 1190, in _resolve_host
    return await asyncio.shield(resolved_host_task)
           ^^^^^^^^^^^^^^^^^^^^^^^^^^^^^^^^^^^^^^^^
  File "/home/hermes01/.hermes/hermes-agent/venv/lib/python3.11/site-packages/aiohttp/connector.py", line 1221, in _resolve_host_with_throttle
    addrs = await self._resolver.resolve(host, port, family=self._family)
            ^^^^^^^^^^^^^^^^^^^^^^^^^^^^^^^^^^^^^^^^^^^^^^^^^^^^^^^^^^^^^
  File "/home/hermes01/.hermes/hermes-agent/venv/lib/python3.11/site-packages/aiohttp/resolver.py", line 40, in resolve
    infos = await self._loop.getaddrinfo(
            ^^^^^^^^^^^^^^^^^^^^^^^^^^^^^
  File "/home/hermes01/.local/share/uv/python/cpython-3.11.15-linux-x86_64-gnu/lib/python3.11/asyncio/base_events.py", line 868, in getaddrinfo
    return await self.run_in_executor(
           ^^^^^^^^^^^^^^^^^^^^^^^^^^^
  File "/home/hermes01/.local/share/uv/python/cpython-3.11.15-linux-x86_64-gnu/lib/python3.11/concurrent/futures/thread.py", line 58, in run
    result = self.fn(*self.args, **self.kwargs)
             ^^^^^^^^^^^^^^^^^^^^^^^^^^^^^^^^^^
  File "/home/hermes01/.local/share/uv/python/cpython-3.11.15-linux-x86_64-gnu/lib/python3.11/socket.py", line 974, in getaddrinfo
    for res in _socket.getaddrinfo(host, port, family, type, proto, flags):
               ^^^^^^^^^^^^^^^^^^^^^^^^^^^^^^^^^^^^^^^^^^^^^^^^^^^^^^^^^^^
socket.gaierror: [Errno -2] Name or service not known

The above exception was the direct cause of the following exception:

Traceback (most recent call last):
  File "/home/hermes01/.hermes/hermes-agent/venv/lib/python3.11/site-packages/discord/client.py", line 728, in connect
    self.ws = await asyncio.wait_for(coro, timeout=60.0)
              ^^^^^^^^^^^^^^^^^^^^^^^^^^^^^^^^^^^^^^^^^^
  File "/home/hermes01/.local/share/uv/python/cpython-3.11.15-linux-x86_64-gnu/lib/python3.11/asyncio/tasks.py", line 489, in wait_for
    return fut.result()
           ^^^^^^^^^^^^
  File "/home/hermes01/.hermes/hermes-agent/venv/lib/python3.11/site-packages/discord/gateway.py", line 392, in from_client
    socket = await client.http.ws_connect(str(url))
             ^^^^^^^^^^^^^^^^^^^^^^^^^^^^^^^^^^^^^^
  File "/home/hermes01/.hermes/hermes-agent/venv/lib/python3.11/site-packages/discord/http.py", line 571, in ws_connect
    return await self.__session.ws_connect(url, **kwargs)
           ^^^^^^^^^^^^^^^^^^^^^^^^^^^^^^^^^^^^^^^^^^^^^^
  File "/home/hermes01/.hermes/hermes-agent/venv/lib/python3.11/site-packages/aiohttp/client.py", line 1087, in _ws_connect
    resp = await self.request(
           ^^^^^^^^^^^^^^^^^^^
  File "/home/hermes01/.hermes/hermes-agent/venv/lib/python3.11/site-packages/aiohttp/client.py", line 788, in _request
    resp = await handler(req)
           ^^^^^^^^^^^^^^^^^^
  File "/home/hermes01/.hermes/hermes-agent/venv/lib/python3.11/site-packages/aiohttp/client.py", line 742, in _connect_and_send_request
    conn = await self._connector.connect(
           ^^^^^^^^^^^^^^^^^^^^^^^^^^^^^^
  File "/home/hermes01/.hermes/hermes-agent/venv/lib/python3.11/site-packages/aiohttp/connector.py", line 672, in connect
    proto = await self._create_connection(req, traces, timeout)
            ^^^^^^^^^^^^^^^^^^^^^^^^^^^^^^^^^^^^^^^^^^^^^^^^^^^
  File "/home/hermes01/.hermes/hermes-agent/venv/lib/python3.11/site-packages/aiohttp/connector.py", line 1251, in _create_connection
    _, proto = await self._create_direct_connection(req, traces, timeout)
               ^^^^^^^^^^^^^^^^^^^^^^^^^^^^^^^^^^^^^^^^^^^^^^^^^^^^^^^^^^
  File "/home/hermes01/.hermes/hermes-agent/venv/lib/python3.11/site-packages/aiohttp/connector.py", line 1580, in _create_direct_connection
    raise ClientConnectorDNSError(req.connection_key, exc) from exc
aiohttp.client_exceptions.ClientConnectorDNSError: Cannot connect to host gateway-us-east1-b.discord.gg:443 ssl:default [Name or service not known]
2026-04-30 12:01:53,844 [ERROR] discord.client: Attempting a reconnect in 51.06s
Traceback (most recent call last):
  File "/home/hermes01/.hermes/hermes-agent/venv/lib/python3.11/site-packages/aiohttp/connector.py", line 1574, in _create_direct_connection
    hosts = await self._resolve_host(host, port, traces=traces)
            ^^^^^^^^^^^^^^^^^^^^^^^^^^^^^^^^^^^^^^^^^^^^^^^^^^^
  File "/home/hermes01/.hermes/hermes-agent/venv/lib/python3.11/site-packages/aiohttp/connector.py", line 1190, in _resolve_host
    return await asyncio.shield(resolved_host_task)
           ^^^^^^^^^^^^^^^^^^^^^^^^^^^^^^^^^^^^^^^^
  File "/home/hermes01/.hermes/hermes-agent/venv/lib/python3.11/site-packages/aiohttp/connector.py", line 1221, in _resolve_host_with_throttle
    addrs = await self._resolver.resolve(host, port, family=self._family)
            ^^^^^^^^^^^^^^^^^^^^^^^^^^^^^^^^^^^^^^^^^^^^^^^^^^^^^^^^^^^^^
  File "/home/hermes01/.hermes/hermes-agent/venv/lib/python3.11/site-packages/aiohttp/resolver.py", line 40, in resolve
    infos = await self._loop.getaddrinfo(
            ^^^^^^^^^^^^^^^^^^^^^^^^^^^^^
  File "/home/hermes01/.local/share/uv/python/cpython-3.11.15-linux-x86_64-gnu/lib/python3.11/asyncio/base_events.py", line 868, in getaddrinfo
    return await self.run_in_executor(
           ^^^^^^^^^^^^^^^^^^^^^^^^^^^
  File "/home/hermes01/.local/share/uv/python/cpython-3.11.15-linux-x86_64-gnu/lib/python3.11/concurrent/futures/thread.py", line 58, in run
    result = self.fn(*self.args, **self.kwargs)
             ^^^^^^^^^^^^^^^^^^^^^^^^^^^^^^^^^^
  File "/home/hermes01/.local/share/uv/python/cpython-3.11.15-linux-x86_64-gnu/lib/python3.11/socket.py", line 974, in getaddrinfo
    for res in _socket.getaddrinfo(host, port, family, type, proto, flags):
               ^^^^^^^^^^^^^^^^^^^^^^^^^^^^^^^^^^^^^^^^^^^^^^^^^^^^^^^^^^^
socket.gaierror: [Errno -2] Name or service not known

The above exception was the direct cause of the following exception:

Traceback (most recent call last):
  File "/home/hermes01/.hermes/hermes-agent/venv/lib/python3.11/site-packages/discord/client.py", line 728, in connect
    self.ws = await asyncio.wait_for(coro, timeout=60.0)
              ^^^^^^^^^^^^^^^^^^^^^^^^^^^^^^^^^^^^^^^^^^
  File "/home/hermes01/.local/share/uv/python/cpython-3.11.15-linux-x86_64-gnu/lib/python3.11/asyncio/tasks.py", line 489, in wait_for
    return fut.result()
           ^^^^^^^^^^^^
  File "/home/hermes01/.hermes/hermes-agent/venv/lib/python3.11/site-packages/discord/gateway.py", line 392, in from_client
    socket = await client.http.ws_connect(str(url))
             ^^^^^^^^^^^^^^^^^^^^^^^^^^^^^^^^^^^^^^
  File "/home/hermes01/.hermes/hermes-agent/venv/lib/python3.11/site-packages/discord/http.py", line 571, in ws_connect
    return await self.__session.ws_connect(url, **kwargs)
           ^^^^^^^^^^^^^^^^^^^^^^^^^^^^^^^^^^^^^^^^^^^^^^
  File "/home/hermes01/.hermes/hermes-agent/venv/lib/python3.11/site-packages/aiohttp/client.py", line 1087, in _ws_connect
    resp = await self.request(
           ^^^^^^^^^^^^^^^^^^^
  File "/home/hermes01/.hermes/hermes-agent/venv/lib/python3.11/site-packages/aiohttp/client.py", line 788, in _request
    resp = await handler(req)
           ^^^^^^^^^^^^^^^^^^
  File "/home/hermes01/.hermes/hermes-agent/venv/lib/python3.11/site-packages/aiohttp/client.py", line 742, in _connect_and_send_request
    conn = await self._connector.connect(
           ^^^^^^^^^^^^^^^^^^^^^^^^^^^^^^
  File "/home/hermes01/.hermes/hermes-agent/venv/lib/python3.11/site-packages/aiohttp/connector.py", line 672, in connect
    proto = await self._create_connection(req, traces, timeout)
            ^^^^^^^^^^^^^^^^^^^^^^^^^^^^^^^^^^^^^^^^^^^^^^^^^^^
  File "/home/hermes01/.hermes/hermes-agent/venv/lib/python3.11/site-packages/aiohttp/connector.py", line 1251, in _create_connection
    _, proto = await self._create_direct_connection(req, traces, timeout)
               ^^^^^^^^^^^^^^^^^^^^^^^^^^^^^^^^^^^^^^^^^^^^^^^^^^^^^^^^^^
  File "/home/hermes01/.hermes/hermes-agent/venv/lib/python3.11/site-packages/aiohttp/connector.py", line 1580, in _create_direct_connection
    raise ClientConnectorDNSError(req.connection_key, exc) from exc
aiohttp.client_exceptions.ClientConnectorDNSError: Cannot connect to host gateway-us-east1-b.discord.gg:443 ssl:default [Name or service not known]
[2026-04-30 12:02:45] [INFO    ] discord.gateway: Shard ID None session has been invalidated.
2026-04-30 12:02:45,343 [INFO] discord.gateway: Shard ID None session has been invalidated.
[2026-04-30 12:02:51] [INFO    ] discord.gateway: Shard ID None has connected to Gateway (Session ID: 5cc2475da984a838bd7803124a835c09).
2026-04-30 12:02:51,311 [INFO] discord.gateway: Shard ID None has connected to Gateway (Session ID: 5cc2475da984a838bd7803124a835c09).
✅ 王朝語音 Bot 已上線：崴勝王朝語音Bot#7480
   輸出模式：auto
   VRAM 策略：按需載入（預設 IndexTTS2）
   當前引擎：indextts
   Slash 指令已同步：3
[2026-04-30 12:02:53] [ERROR   ] discord.client: Ignoring exception in on_ready
Traceback (most recent call last):
  File "/home/hermes01/.hermes/hermes-agent/venv/lib/python3.11/site-packages/discord/client.py", line 508, in _run_event
    await coro(*args, **kwargs)
  File "/home/hermes01/projects/VoxCPM/scripts/wangdom/discord_voice_bot.py", line 1781, in on_ready
    await _start_api_server()
  File "/home/hermes01/projects/VoxCPM/scripts/wangdom/discord_voice_bot.py", line 3428, in _start_api_server
    await site.start()
  File "/home/hermes01/.hermes/hermes-agent/venv/lib/python3.11/site-packages/aiohttp/web_runner.py", line 121, in start
    self._server = await loop.create_server(
                   ^^^^^^^^^^^^^^^^^^^^^^^^^
  File "/home/hermes01/.local/share/uv/python/cpython-3.11.15-linux-x86_64-gnu/lib/python3.11/asyncio/base_events.py", line 1536, in create_server
    raise OSError(err.errno, msg) from None
OSError: [Errno 98] error while attempting to bind on address ('127.0.0.1', 8890): address already in use
2026-04-30 12:02:53,681 [ERROR] discord.client: Ignoring exception in on_ready
Traceback (most recent call last):
  File "/home/hermes01/.hermes/hermes-agent/venv/lib/python3.11/site-packages/discord/client.py", line 508, in _run_event
    await coro(*args, **kwargs)
  File "/home/hermes01/projects/VoxCPM/scripts/wangdom/discord_voice_bot.py", line 1781, in on_ready
    await _start_api_server()
  File "/home/hermes01/projects/VoxCPM/scripts/wangdom/discord_voice_bot.py", line 3428, in _start_api_server
    await site.start()
  File "/home/hermes01/.hermes/hermes-agent/venv/lib/python3.11/site-packages/aiohttp/web_runner.py", line 121, in start
    self._server = await loop.create_server(
                   ^^^^^^^^^^^^^^^^^^^^^^^^^
  File "/home/hermes01/.local/share/uv/python/cpython-3.11.15-linux-x86_64-gnu/lib/python3.11/asyncio/base_events.py", line 1536, in create_server
    raise OSError(err.errno, msg) from None
OSError: [Errno 98] error while attempting to bind on address ('127.0.0.1', 8890): address already in use
🚀 鼎勝王朝語音 Bot 啟動中...
📦 雙引擎模式：IndexTTS2（預設）/ VoxCPM2 / Edge TTS
💡 模型按需載入，啟動時零 VRAM
[2026-05-02 22:37:55] [INFO    ] discord.client: logging in using static token
2026-05-02 22:37:55,493 [INFO] discord.client: logging in using static token
[2026-05-02 22:37:56] [INFO    ] discord.gateway: Shard ID None has connected to Gateway (Session ID: 830734f00008456c40bffc6faf3e6f13).
2026-05-02 22:37:56,723 [INFO] discord.gateway: Shard ID None has connected to Gateway (Session ID: 830734f00008456c40bffc6faf3e6f13).
✅ 王朝語音 Bot 已上線：崴勝王朝語音Bot#7480
   輸出模式：auto
   VRAM 策略：按需載入（預設 IndexTTS2）
   當前引擎：indextts
   Slash 指令已同步：3
   ⏰ morning scheduler background task 已建立
⏰ Morning scheduler 已啟動
   🔌 內部 API 已啟動：http://127.0.0.1:8890
[drama-cache] ✅ 快取命中 19bbddd49304（22 段）
[drama-cache] 快取載入完成，duration=175.7s
[2026-05-02 22:40:26] [INFO    ] discord.voice_state: Connecting to voice...
2026-05-02 22:40:26,346 [INFO] discord.voice_state: Connecting to voice...
[2026-05-02 22:40:26] [INFO    ] discord.voice_state: Starting voice handshake... (connection attempt 1)
2026-05-02 22:40:26,346 [INFO] discord.voice_state: Starting voice handshake... (connection attempt 1)
[2026-05-02 22:40:26] [INFO    ] discord.voice_state: Voice handshake complete. Endpoint found: c-hkg10-0a2712b1.discord.media:2096
2026-05-02 22:40:26,807 [INFO] discord.voice_state: Voice handshake complete. Endpoint found: c-hkg10-0a2712b1.discord.media:2096
[2026-05-02 22:40:56] [INFO    ] discord.voice_state: Timed out connecting to voice
2026-05-02 22:40:56,348 [INFO] discord.voice_state: Timed out connecting to voice
[2026-05-02 22:40:56] [INFO    ] discord.voice_state: The voice handshake is being terminated for Channel ID 1493898826677747725 (Guild ID 1493898826182824127)
2026-05-02 22:40:56,348 [INFO] discord.voice_state: The voice handshake is being terminated for Channel ID 1493898826677747725 (Guild ID 1493898826182824127)
[2026-05-02 22:40:56] [INFO    ] discord.voice_state: The voice handshake is being terminated for Channel ID 1493898826677747725 (Guild ID 1493898826182824127)
2026-05-02 22:40:56,387 [INFO] discord.voice_state: The voice handshake is being terminated for Channel ID 1493898826677747725 (Guild ID 1493898826182824127)
❌ 廣播劇異常：TimeoutError: 
[drama-cache] ✅ 快取命中 19bbddd49304（22 段）
[drama-cache] 快取載入完成，duration=175.7s
[2026-05-02 22:45:55] [INFO    ] discord.voice_state: Connecting to voice...
2026-05-02 22:45:55,232 [INFO] discord.voice_state: Connecting to voice...
[2026-05-02 22:45:55] [INFO    ] discord.voice_state: Starting voice handshake... (connection attempt 1)
2026-05-02 22:45:55,232 [INFO] discord.voice_state: Starting voice handshake... (connection attempt 1)
[2026-05-02 22:45:56] [INFO    ] discord.voice_state: Voice handshake complete. Endpoint found: c-hkg10-0a2712b1.discord.media:2096
2026-05-02 22:45:56,112 [INFO] discord.voice_state: Voice handshake complete. Endpoint found: c-hkg10-0a2712b1.discord.media:2096
[2026-05-02 22:45:56] [INFO    ] discord.voice_state: Voice connection complete.
2026-05-02 22:45:56,394 [INFO] discord.voice_state: Voice connection complete.
[aist#0:0/pcm_s16le @ 0x58d8f5679380] Guessed Channel Layout: mono
Multiple -ac options specified for stream 0, only the last option '-ac 2' will be used.
Multiple -ar options specified for stream 0, only the last option '-ar 48000' will be used.
[2026-05-02 22:48:52] [INFO    ] discord.player: ffmpeg process 121005 successfully terminated with return code of 0.
2026-05-02 22:48:52,158 [INFO] discord.player: ffmpeg process 121005 successfully terminated with return code of 0.
[2026-05-03 01:42:40] [INFO    ] discord.gateway: Shard ID None has successfully RESUMED session 830734f00008456c40bffc6faf3e6f13.
2026-05-03 01:42:40,014 [INFO] discord.gateway: Shard ID None has successfully RESUMED session 830734f00008456c40bffc6faf3e6f13.
[2026-05-03 02:36:02] [INFO    ] discord.gateway: Shard ID None has successfully RESUMED session 830734f00008456c40bffc6faf3e6f13.
2026-05-03 02:36:02,721 [INFO] discord.gateway: Shard ID None has successfully RESUMED session 830734f00008456c40bffc6faf3e6f13.
[2026-05-03 03:09:29] [INFO    ] discord.gateway: Shard ID None has successfully RESUMED session 830734f00008456c40bffc6faf3e6f13.
2026-05-03 03:09:29,041 [INFO] discord.gateway: Shard ID None has successfully RESUMED session 830734f00008456c40bffc6faf3e6f13.
[2026-05-03 06:38:17] [INFO    ] discord.gateway: Shard ID None has successfully RESUMED session 830734f00008456c40bffc6faf3e6f13.
2026-05-03 06:38:17,206 [INFO] discord.gateway: Shard ID None has successfully RESUMED session 830734f00008456c40bffc6faf3e6f13.
[2026-05-03 08:43:40] [INFO    ] discord.gateway: Shard ID None has successfully RESUMED session 830734f00008456c40bffc6faf3e6f13.
2026-05-03 08:43:40,415 [INFO] discord.gateway: Shard ID None has successfully RESUMED session 830734f00008456c40bffc6faf3e6f13.
[2026-05-03 11:31:55] [INFO    ] discord.gateway: Shard ID None has successfully RESUMED session 830734f00008456c40bffc6faf3e6f13.
2026-05-03 11:31:55,178 [INFO] discord.gateway: Shard ID None has successfully RESUMED session 830734f00008456c40bffc6faf3e6f13.
[2026-05-03 12:00:26] [ERROR   ] discord.voice_state: Disconnected from voice... Reconnecting in 1.52s.
Traceback (most recent call last):
  File "/home/hermes01/.local/share/uv/python/cpython-3.11.15-linux-x86_64-gnu/lib/python3.11/asyncio/tasks.py", line 500, in wait_for
    return fut.result()
           ^^^^^^^^^^^^
  File "/home/hermes01/projects/VoxCPM/venv/lib/python3.11/site-packages/aiohttp/client_ws.py", line 336, in receive
    msg = await self._reader.read()
          ^^^^^^^^^^^^^^^^^^^^^^^^^
  File "aiohttp/_websocket/reader_c.py", line 118, in read
  File "aiohttp/_websocket/reader_c.py", line 115, in aiohttp._websocket.reader_c.WebSocketDataQueue.read
asyncio.exceptions.CancelledError

The above exception was the direct cause of the following exception:

Traceback (most recent call last):
  File "/home/hermes01/projects/VoxCPM/venv/lib/python3.11/site-packages/discord/voice_state.py", line 671, in _poll_voice_ws
    await self.ws.poll_event()
  File "/home/hermes01/projects/VoxCPM/venv/lib/python3.11/site-packages/discord/gateway.py", line 1154, in poll_event
    msg = await asyncio.wait_for(self.ws.receive(), timeout=30.0)
          ^^^^^^^^^^^^^^^^^^^^^^^^^^^^^^^^^^^^^^^^^^^^^^^^^^^^^^^
  File "/home/hermes01/.local/share/uv/python/cpython-3.11.15-linux-x86_64-gnu/lib/python3.11/asyncio/tasks.py", line 502, in wait_for
    raise exceptions.TimeoutError() from exc
TimeoutError
2026-05-03 12:00:26,975 [ERROR] discord.voice_state: Disconnected from voice... Reconnecting in 1.52s.
Traceback (most recent call last):
  File "/home/hermes01/.local/share/uv/python/cpython-3.11.15-linux-x86_64-gnu/lib/python3.11/asyncio/tasks.py", line 500, in wait_for
    return fut.result()
           ^^^^^^^^^^^^
  File "/home/hermes01/projects/VoxCPM/venv/lib/python3.11/site-packages/aiohttp/client_ws.py", line 336, in receive
    msg = await self._reader.read()
          ^^^^^^^^^^^^^^^^^^^^^^^^^
  File "aiohttp/_websocket/reader_c.py", line 118, in read
  File "aiohttp/_websocket/reader_c.py", line 115, in aiohttp._websocket.reader_c.WebSocketDataQueue.read
asyncio.exceptions.CancelledError

The above exception was the direct cause of the following exception:

Traceback (most recent call last):
  File "/home/hermes01/projects/VoxCPM/venv/lib/python3.11/site-packages/discord/voice_state.py", line 671, in _poll_voice_ws
    await self.ws.poll_event()
  File "/home/hermes01/projects/VoxCPM/venv/lib/python3.11/site-packages/discord/gateway.py", line 1154, in poll_event
    msg = await asyncio.wait_for(self.ws.receive(), timeout=30.0)
          ^^^^^^^^^^^^^^^^^^^^^^^^^^^^^^^^^^^^^^^^^^^^^^^^^^^^^^^
  File "/home/hermes01/.local/share/uv/python/cpython-3.11.15-linux-x86_64-gnu/lib/python3.11/asyncio/tasks.py", line 502, in wait_for
    raise exceptions.TimeoutError() from exc
TimeoutError
[2026-05-03 12:00:28] [INFO    ] discord.voice_state: The voice handshake is being terminated for Channel ID 1493898826677747725 (Guild ID 1493898826182824127)
2026-05-03 12:00:28,499 [INFO] discord.voice_state: The voice handshake is being terminated for Channel ID 1493898826677747725 (Guild ID 1493898826182824127)
[2026-05-03 12:00:28] [INFO    ] discord.voice_state: Connecting to voice...
2026-05-03 12:00:28,500 [INFO] discord.voice_state: Connecting to voice...
[2026-05-03 12:00:28] [INFO    ] discord.voice_state: Starting voice handshake... (connection attempt 1)
2026-05-03 12:00:28,500 [INFO] discord.voice_state: Starting voice handshake... (connection attempt 1)
[2026-05-03 12:00:33] [INFO    ] discord.gateway: Shard ID None has successfully RESUMED session 830734f00008456c40bffc6faf3e6f13.
2026-05-03 12:00:33,399 [INFO] discord.gateway: Shard ID None has successfully RESUMED session 830734f00008456c40bffc6faf3e6f13.
[2026-05-03 12:00:58] [WARNING ] discord.voice_state: Could not connect to voice... Retrying...
2026-05-03 12:00:58,502 [WARNING] discord.voice_state: Could not connect to voice... Retrying...
🚀 鼎勝王朝語音 Bot 啟動中...
📦 雙引擎模式：IndexTTS2（預設）/ VoxCPM2 / Edge TTS
💡 模型按需載入，啟動時零 VRAM
[2026-05-03 12:11:40] [INFO    ] discord.client: logging in using static token
2026-05-03 12:11:40,974 [INFO] discord.client: logging in using static token
[2026-05-03 12:11:42] [INFO    ] discord.gateway: Shard ID None has connected to Gateway (Session ID: ccff94c6677995f7b8aad6188c5fe5dd).
2026-05-03 12:11:42,341 [INFO] discord.gateway: Shard ID None has connected to Gateway (Session ID: ccff94c6677995f7b8aad6188c5fe5dd).
✅ 王朝語音 Bot 已上線：崴勝王朝語音Bot#7480
   輸出模式：auto
   VRAM 策略：按需載入（預設 IndexTTS2）
   當前引擎：indextts
   Slash 指令已同步：3
   ⏰ morning scheduler background task 已建立
⏰ Morning scheduler 已啟動
   🔌 內部 API 已啟動：http://127.0.0.1:8890
[2026-05-03 12:34:09] [INFO    ] discord.gateway: Shard ID None has successfully RESUMED session ccff94c6677995f7b8aad6188c5fe5dd.
2026-05-03 12:34:09,535 [INFO] discord.gateway: Shard ID None has successfully RESUMED session ccff94c6677995f7b8aad6188c5fe5dd.
2026-05-03 12:44:56,745 [INFO] director_parser: 分批解析：5 個場景
2026-05-03 12:44:56,745 [INFO] director_parser: [並行] 同時處理 5 個場景
2026-05-03 12:44:56,745 [INFO] director_parser:   場景 1/5：「開場：春秋霸主的暮年」（512 字）
2026-05-03 12:44:56,746 [INFO] director_parser:   場景 2/5：「第一幕：病榻遺言」（748 字）
2026-05-03 12:44:56,746 [INFO] director_parser:   場景 3/5：「第二幕：今古映照」（486 字）
2026-05-03 12:44:56,746 [INFO] director_parser:   場景 4/5：「第三幕：御史點評」（502 字）
2026-05-03 12:44:56,746 [INFO] director_parser:   場景 5/5：「場景5」（217 字）
2026-05-03 12:45:15,315 [INFO] httpx: HTTP Request: POST https://api.z.ai/api/coding/paas/v4/chat/completions "HTTP/1.1 200 OK"
2026-05-03 12:45:15,320 [INFO] director_parser:   場景 5 完成：2 段
2026-05-03 12:45:21,360 [INFO] httpx: HTTP Request: POST https://api.z.ai/api/coding/paas/v4/chat/completions "HTTP/1.1 200 OK"
2026-05-03 12:45:21,360 [INFO] director_parser:   場景 4 完成：2 段
2026-05-03 12:45:30,058 [INFO] httpx: HTTP Request: POST https://api.z.ai/api/coding/paas/v4/chat/completions "HTTP/1.1 200 OK"
2026-05-03 12:45:30,059 [INFO] director_parser:   場景 3 完成：4 段
2026-05-03 12:45:34,385 [INFO] httpx: HTTP Request: POST https://api.z.ai/api/coding/paas/v4/chat/completions "HTTP/1.1 200 OK"
2026-05-03 12:45:34,386 [INFO] director_parser:   場景 1 完成：3 段
2026-05-03 12:45:42,441 [INFO] httpx: HTTP Request: POST https://api.z.ai/api/coding/paas/v4/chat/completions "HTTP/1.1 200 OK"
2026-05-03 12:45:42,442 [INFO] director_parser:   場景 2 完成：11 段
2026-05-03 12:45:42,442 [INFO] director_parser: [並行] 完成 5/5，失敗 0
2026-05-03 12:45:42,443 [WARNING] director_parser: [校稿] ⚠️ 無法匹配 speaker：齊桓公（seg 6）
2026-05-03 12:45:42,443 [WARNING] director_parser: [校稿] ⚠️ 無法匹配 speaker：齊桓公（seg 8）
2026-05-03 12:45:42,443 [WARNING] director_parser: [校稿] ⚠️ 無法匹配 speaker：齊桓公（seg 12）
2026-05-03 12:45:42,443 [WARNING] director_parser: [校稿] ⚠️ 無法匹配 speaker：齊桓公（seg 14）
2026-05-03 12:45:42,443 [INFO] director_parser: [校稿] 原始劇本音場標記：['none', 'none', 'studio', 'none', 'studio']
2026-05-03 12:45:42,443 [INFO] director_parser: [校稿] JSON 音場設定：{1: 'none', 2: 'none', 3: 'studio', 4: 'none', 5: 'studio'}
2026-05-03 12:45:42,443 [WARNING] director_parser: [校稿] ⚠️ 可能有 1 段台詞未收入 segments：['📜 紀曉嵐｜取材：群書治要·卷32·管子·小稱']
2026-05-03 12:45:42,443 [INFO] director_parser: 分批解析完成：22 段 / 5 場景
2026-05-03 12:45:42,443 [WARNING] director_parser: 快取寫入失敗：Object of type date is not JSON serializable
[drama-cache] miss: no cache dir or manifest for 9a2ccb49e682
[drama] ⚠️ 未定義角色將 fallback 至 待詔·唐伯虎: 齊桓公
[drama] >>> synth start seg 1/22 禮部·紀曉嵐 (voice=禮部·紀曉嵐)
[drama] <<< synth done seg 1 35.5s fallback=
[drama] 1/22 禮部·紀曉嵐 | alloc=0.0 reserved=0.0 nvidia=7235 MB | seg_dur=5.49s cursor=6.5s
[drama] >>> synth start seg 2/22 待詔·唐伯虎 (voice=待詔·唐伯虎)
[drama] <<< synth done seg 2 20.1s fallback=
[drama] 2/22 待詔·唐伯虎 | alloc=0.0 reserved=0.0 nvidia=8029 MB | seg_dur=28.11s cursor=35.1s
[drama] >>> synth start seg 3/22 御史·魏徵 (voice=御史·魏徵)
[drama] <<< synth done seg 3 13.3s fallback=
[drama] 3/22 御史·魏徵 | alloc=0.0 reserved=0.0 nvidia=7913 MB | seg_dur=18.86s cursor=54.5s
[drama] >>> synth start seg 4/22 禮部·紀曉嵐 (voice=禮部·紀曉嵐)
[drama] <<< synth done seg 4 12.4s fallback=
[drama] 4/22 禮部·紀曉嵐 | alloc=0.0 reserved=0.0 nvidia=7901 MB | seg_dur=18.00s cursor=73.5s
[drama] >>> synth start seg 5/22 禮部·紀曉嵐 (voice=禮部·紀曉嵐)
[drama] <<< synth done seg 5 4.9s fallback=
[drama] 5/22 禮部·紀曉嵐 | alloc=0.0 reserved=0.0 nvidia=7901 MB | seg_dur=6.08s cursor=80.5s
[drama] fallback voice: 齊桓公 -> 待詔·唐伯虎 (seg 6/22)
[drama] >>> synth start seg 6/22 齊桓公 (voice=待詔·唐伯虎)
[drama] <<< synth done seg 6 5.4s fallback=
[drama] 6/22 齊桓公 | alloc=0.0 reserved=0.0 nvidia=7575 MB | seg_dur=5.94s cursor=87.0s
[drama] >>> synth start seg 7/22 太府·管仲 (voice=太府·管仲)
[drama] <<< synth done seg 7 7.0s fallback=
[drama] 7/22 太府·管仲 | alloc=0.0 reserved=0.0 nvidia=7731 MB | seg_dur=8.64s cursor=96.1s
[drama] fallback voice: 齊桓公 -> 待詔·唐伯虎 (seg 8/22)
[drama] >>> synth start seg 8/22 齊桓公 (voice=待詔·唐伯虎)
[drama] <<< synth done seg 8 12.1s fallback=
[drama] 8/22 齊桓公 | alloc=0.0 reserved=0.0 nvidia=7975 MB | seg_dur=16.38s cursor=113.0s
[drama] >>> synth start seg 9/22 太府·管仲 (voice=太府·管仲)
[drama] <<< synth done seg 9 7.6s fallback=
[drama] 9/22 太府·管仲 | alloc=0.0 reserved=0.0 nvidia=7809 MB | seg_dur=9.83s cursor=123.3s
[drama] >>> synth start seg 10/22 禮部·紀曉嵐 (voice=禮部·紀曉嵐)
[drama] <<< synth done seg 10 2.6s fallback=
[drama] 10/22 禮部·紀曉嵐 | alloc=0.0 reserved=0.0 nvidia=7221 MB | seg_dur=1.87s cursor=126.2s
[drama] >>> synth start seg 11/22 太府·管仲 (voice=太府·管仲)
[drama] <<< synth done seg 11 12.0s fallback=
[drama] 11/22 太府·管仲 | alloc=0.0 reserved=0.0 nvidia=8029 MB | seg_dur=16.28s cursor=143.0s
[drama] fallback voice: 齊桓公 -> 待詔·唐伯虎 (seg 12/22)
[drama] >>> synth start seg 12/22 齊桓公 (voice=待詔·唐伯虎)
[drama] <<< synth done seg 12 7.6s fallback=
[drama] 12/22 齊桓公 | alloc=0.0 reserved=0.0 nvidia=7795 MB | seg_dur=9.72s cursor=153.2s
[drama] >>> synth start seg 13/22 太府·管仲 (voice=太府·管仲)
[drama] <<< synth done seg 13 14.2s fallback=
[drama] 13/22 太府·管仲 | alloc=0.0 reserved=0.0 nvidia=8031 MB | seg_dur=19.94s cursor=173.6s
[drama] fallback voice: 齊桓公 -> 待詔·唐伯虎 (seg 14/22)
[drama] >>> synth start seg 14/22 齊桓公 (voice=待詔·唐伯虎)
[drama] <<< synth done seg 14 2.9s fallback=
[drama] 14/22 齊桓公 | alloc=0.0 reserved=0.0 nvidia=7475 MB | seg_dur=2.01s cursor=176.2s
[drama] >>> synth start seg 15/22 御史·魏徵 (voice=御史·魏徵)
[drama] <<< synth done seg 15 4.5s fallback=
[drama] 15/22 御史·魏徵 | alloc=0.0 reserved=0.0 nvidia=7489 MB | seg_dur=4.67s cursor=181.3s
[drama] >>> synth start seg 16/22 待詔·唐伯虎 (voice=待詔·唐伯虎)
[drama] <<< synth done seg 16 16.5s fallback=
[drama] 16/22 待詔·唐伯虎 | alloc=0.0 reserved=0.0 nvidia=8017 MB | seg_dur=23.34s cursor=205.2s
[drama] >>> synth start seg 17/22 御史·魏徵 (voice=御史·魏徵)
[drama] <<< synth done seg 17 13.3s fallback=
[drama] 17/22 御史·魏徵 | alloc=0.0 reserved=0.0 nvidia=7973 MB | seg_dur=18.72s cursor=224.4s
[drama] >>> synth start seg 18/22 待詔·唐伯虎 (voice=待詔·唐伯虎)
[drama] <<< synth done seg 18 16.8s fallback=
[drama] 18/22 待詔·唐伯虎 | alloc=0.0 reserved=0.0 nvidia=7897 MB | seg_dur=23.99s cursor=248.9s
[drama] >>> synth start seg 19/22 御史·魏徵 (voice=御史·魏徵)
[drama] <<< synth done seg 19 26.7s fallback=
[drama] 19/22 御史·魏徵 | alloc=0.0 reserved=0.0 nvidia=7767 MB | seg_dur=40.40s cursor=289.8s
[drama] >>> synth start seg 20/22 御史·魏徵 (voice=御史·魏徵)
[drama] <<< synth done seg 20 25.6s fallback=
[drama] 20/22 御史·魏徵 | alloc=0.0 reserved=0.0 nvidia=8071 MB | seg_dur=36.72s cursor=327.0s
[drama] >>> synth start seg 21/22 御史·魏徵 (voice=御史·魏徵)
[drama] <<< synth done seg 21 6.6s fallback=
[drama] 21/22 御史·魏徵 | alloc=0.0 reserved=0.0 nvidia=8071 MB | seg_dur=8.42s cursor=335.9s
[drama] >>> synth start seg 22/22 待詔·唐伯虎 (voice=待詔·唐伯虎)
[drama] <<< synth done seg 22 4.5s fallback=
[drama] 22/22 待詔·唐伯虎 | alloc=0.0 reserved=0.0 nvidia=7473 MB | seg_dur=4.33s cursor=340.2s
[drama] checkpoint 已清理：/home/hermes01/projects/VoxCPM/test_output/voice_bot/checkpoint_1777783542713
[drama-cache] ✅ 快取已寫入 9a2ccb49e682（22 段）
[drama-cache] ✅ 快取命中 9a2ccb49e682（22 段）
[drama-cache] 快取載入完成，duration=340.2s
[2026-05-03 12:50:37] [INFO    ] discord.voice_state: Connecting to voice...
2026-05-03 12:50:37,170 [INFO] discord.voice_state: Connecting to voice...
[2026-05-03 12:50:37] [INFO    ] discord.voice_state: Starting voice handshake... (connection attempt 1)
2026-05-03 12:50:37,170 [INFO] discord.voice_state: Starting voice handshake... (connection attempt 1)
[2026-05-03 12:50:37] [INFO    ] discord.voice_state: Voice handshake complete. Endpoint found: c-nrt16-867534f7.discord.media:2087
2026-05-03 12:50:37,539 [INFO] discord.voice_state: Voice handshake complete. Endpoint found: c-nrt16-867534f7.discord.media:2087
[2026-05-03 12:50:37] [INFO    ] discord.voice_state: Voice connection complete.
2026-05-03 12:50:37,822 [INFO] discord.voice_state: Voice connection complete.
[aist#0:0/pcm_s16le @ 0x561ed6eed380] Guessed Channel Layout: mono
Multiple -ac options specified for stream 0, only the last option '-ac 2' will be used.
Multiple -ar options specified for stream 0, only the last option '-ar 48000' will be used.
[2026-05-03 12:56:18] [INFO    ] discord.player: ffmpeg process 287992 successfully terminated with return code of 0.
2026-05-03 12:56:18,068 [INFO] discord.player: ffmpeg process 287992 successfully terminated with return code of 0.
2026-05-03 13:00:02,054 [INFO] director_parser: 分批解析：4 個場景
2026-05-03 13:00:02,054 [INFO] director_parser: [並行] 同時處理 4 個場景
2026-05-03 13:00:02,054 [INFO] director_parser:   場景 1/4：「第一幕：雨中的紅燈」（673 字）
2026-05-03 13:00:02,055 [INFO] director_parser:   場景 2/4：「第二幕：技術與休沐」（609 字）
2026-05-03 13:00:02,056 [INFO] director_parser:   場景 3/4：「第三幕：制度盤查」（400 字）
2026-05-03 13:00:02,057 [INFO] director_parser:   場景 4/4：「場景4」（310 字）
2026-05-03 13:00:31,497 [INFO] httpx: HTTP Request: POST https://api.z.ai/api/coding/paas/v4/chat/completions "HTTP/1.1 200 OK"
2026-05-03 13:00:31,498 [INFO] director_parser:   場景 4 完成：3 段
2026-05-03 13:00:52,350 [INFO] httpx: HTTP Request: POST https://api.z.ai/api/coding/paas/v4/chat/completions "HTTP/1.1 200 OK"
2026-05-03 13:00:52,350 [INFO] director_parser:   場景 2 完成：8 段
2026-05-03 13:01:24,682 [INFO] httpx: HTTP Request: POST https://api.z.ai/api/coding/paas/v4/chat/completions "HTTP/1.1 200 OK"
2026-05-03 13:01:24,683 [INFO] director_parser:   場景 3 完成：5 段
2026-05-03 13:01:48,569 [INFO] httpx: HTTP Request: POST https://api.z.ai/api/coding/paas/v4/chat/completions "HTTP/1.1 200 OK"
2026-05-03 13:01:48,570 [INFO] director_parser:   場景 1 完成：6 段
2026-05-03 13:01:48,570 [INFO] director_parser: [並行] 完成 4/4，失敗 0
2026-05-03 13:01:48,570 [INFO] director_parser: [校稿] 原始劇本音場標記：['rain', 'none', 'rain', 'studio']
2026-05-03 13:01:48,570 [INFO] director_parser: [校稿] JSON 音場設定：{1: 'rain', 2: 'none', 3: 'rain', 4: 'studio'}
2026-05-03 13:01:48,571 [WARNING] director_parser: [校稿] ⚠️ 可能有 1 段台詞未收入 segments：['唐伯虎｜旁白：🔮 李淳風']
2026-05-03 13:01:48,571 [INFO] director_parser: 分批解析完成：22 段 / 4 場景
2026-05-03 13:01:48,571 [WARNING] director_parser: 快取寫入失敗：Object of type date is not JSON serializable
[drama-cache] miss: no cache dir or manifest for 4a676a79d037
[drama] >>> synth start seg 1/22 禮部·紀曉嵐 (voice=禮部·紀曉嵐)
[drama] <<< synth done seg 1 5.9s fallback=
[drama] 1/22 禮部·紀曉嵐 | alloc=0.0 reserved=0.0 nvidia=7501 MB | seg_dur=7.36s cursor=8.4s
[drama] >>> synth start seg 2/22 待詔·唐伯虎 (voice=待詔·唐伯虎)
[drama] <<< synth done seg 2 5.1s fallback=
[drama] 2/22 待詔·唐伯虎 | alloc=0.0 reserved=0.0 nvidia=7575 MB | seg_dur=5.78s cursor=14.6s
[drama] >>> synth start seg 3/22 禮部·紀曉嵐 (voice=禮部·紀曉嵐)
[drama] <<< synth done seg 3 2.9s fallback=
[drama] 3/22 禮部·紀曉嵐 | alloc=0.0 reserved=0.0 nvidia=7199 MB | seg_dur=2.15s cursor=17.3s
[drama] >>> synth start seg 4/22 待詔·唐伯虎 (voice=待詔·唐伯虎)
[drama] <<< synth done seg 4 5.7s fallback=
[drama] 4/22 待詔·唐伯虎 | alloc=0.0 reserved=0.0 nvidia=7635 MB | seg_dur=6.49s cursor=24.3s
[drama] >>> synth start seg 5/22 禮部·紀曉嵐 (voice=禮部·紀曉嵐)
[drama] <<< synth done seg 5 5.0s fallback=
[drama] 5/22 禮部·紀曉嵐 | alloc=0.0 reserved=0.0 nvidia=7421 MB | seg_dur=6.05s cursor=30.8s
[drama] >>> synth start seg 6/22 待詔·唐伯虎 (voice=待詔·唐伯虎)
[drama] <<< synth done seg 6 5.5s fallback=
[drama] 6/22 待詔·唐伯虎 | alloc=0.0 reserved=0.0 nvidia=7635 MB | seg_dur=6.39s cursor=37.7s
[drama] >>> synth start seg 7/22 禮部·紀曉嵐 (voice=禮部·紀曉嵐)
[drama] <<< synth done seg 7 7.0s fallback=
[drama] 7/22 禮部·紀曉嵐 | alloc=0.0 reserved=0.0 nvidia=7623 MB | seg_dur=9.22s cursor=47.9s
[drama] >>> synth start seg 8/22 待詔·唐伯虎 (voice=待詔·唐伯虎)
[drama] <<< synth done seg 8 3.9s fallback=
[drama] 8/22 待詔·唐伯虎 | alloc=0.0 reserved=0.0 nvidia=7453 MB | seg_dur=3.63s cursor=52.1s
[drama] >>> synth start seg 9/22 禮部·紀曉嵐 (voice=禮部·紀曉嵐)
[drama] <<< synth done seg 9 10.4s fallback=
[drama] 9/22 禮部·紀曉嵐 | alloc=0.0 reserved=0.0 nvidia=7763 MB | seg_dur=14.79s cursor=67.4s
[drama] >>> synth start seg 10/22 待詔·唐伯虎 (voice=待詔·唐伯虎)
[drama] <<< synth done seg 10 6.5s fallback=
[drama] 10/22 待詔·唐伯虎 | alloc=0.0 reserved=0.0 nvidia=7695 MB | seg_dur=7.64s cursor=75.5s
[drama] >>> synth start seg 11/22 禮部·紀曉嵐 (voice=禮部·紀曉嵐)
[drama] <<< synth done seg 11 2.8s fallback=
[drama] 11/22 禮部·紀曉嵐 | alloc=0.0 reserved=0.0 nvidia=7179 MB | seg_dur=2.15s cursor=78.1s
[drama] >>> synth start seg 12/22 待詔·唐伯虎 (voice=待詔·唐伯虎)
[drama] <<< synth done seg 12 3.9s fallback=
[drama] 12/22 待詔·唐伯虎 | alloc=0.0 reserved=0.0 nvidia=7475 MB | seg_dur=3.77s cursor=82.4s
[drama] >>> synth start seg 13/22 禮部·紀曉嵐 (voice=禮部·紀曉嵐)
[drama] <<< synth done seg 13 9.5s fallback=
[drama] 13/22 禮部·紀曉嵐 | alloc=0.0 reserved=0.0 nvidia=7661 MB | seg_dur=13.45s cursor=96.4s
[drama] >>> synth start seg 14/22 待詔·唐伯虎 (voice=待詔·唐伯虎)
[drama] <<< synth done seg 14 6.2s fallback=
[drama] 14/22 待詔·唐伯虎 | alloc=0.0 reserved=0.0 nvidia=7675 MB | seg_dur=7.27s cursor=104.1s
[drama] >>> synth start seg 15/22 禮部·紀曉嵐 (voice=禮部·紀曉嵐)
[drama] <<< synth done seg 15 5.8s fallback=
[drama] 15/22 禮部·紀曉嵐 | alloc=0.0 reserved=0.0 nvidia=7501 MB | seg_dur=7.38s cursor=112.5s
[drama] >>> synth start seg 16/22 待詔·唐伯虎 (voice=待詔·唐伯虎)
[drama] <<< synth done seg 16 3.7s fallback=
[drama] 16/22 待詔·唐伯虎 | alloc=0.0 reserved=0.0 nvidia=7415 MB | seg_dur=3.19s cursor=116.2s
[drama] >>> synth start seg 17/22 禮部·紀曉嵐 (voice=禮部·紀曉嵐)
[drama] <<< synth done seg 17 5.9s fallback=
[drama] 17/22 禮部·紀曉嵐 | alloc=0.0 reserved=0.0 nvidia=7521 MB | seg_dur=7.72s cursor=124.4s
[drama] >>> synth start seg 18/22 待詔·唐伯虎 (voice=待詔·唐伯虎)
[drama] <<< synth done seg 18 5.0s fallback=
[drama] 18/22 待詔·唐伯虎 | alloc=0.0 reserved=0.0 nvidia=7555 MB | seg_dur=5.49s cursor=130.4s
[drama] >>> synth start seg 19/22 禮部·紀曉嵐 (voice=禮部·紀曉嵐)
[drama] <<< synth done seg 19 8.3s fallback=
[drama] 19/22 禮部·紀曉嵐 | alloc=0.0 reserved=0.0 nvidia=7721 MB | seg_dur=11.22s cursor=142.1s
[drama] >>> synth start seg 20/22 禮部·紀曉嵐 (voice=禮部·紀曉嵐)
[drama] <<< synth done seg 20 6.2s fallback=
[drama] 20/22 禮部·紀曉嵐 | alloc=0.0 reserved=0.0 nvidia=7721 MB | seg_dur=8.08s cursor=151.2s
[drama] >>> synth start seg 21/22 禮部·紀曉嵐 (voice=禮部·紀曉嵐)
[drama] <<< synth done seg 21 6.6s fallback=
[drama] 21/22 禮部·紀曉嵐 | alloc=0.0 reserved=0.0 nvidia=7721 MB | seg_dur=8.72s cursor=160.9s
[drama] >>> synth start seg 22/22 禮部·紀曉嵐 (voice=禮部·紀曉嵐)
[drama] <<< synth done seg 22 2.9s fallback=
[drama] 22/22 禮部·紀曉嵐 | alloc=0.0 reserved=0.0 nvidia=7721 MB | seg_dur=2.65s cursor=163.6s
[drama] checkpoint 已清理：/home/hermes01/projects/VoxCPM/test_output/voice_bot/checkpoint_1777784508850
[drama-cache] ✅ 快取已寫入 4a676a79d037（22 段）
[aist#0:0/pcm_s16le @ 0x61315fea1380] Guessed Channel Layout: mono
Multiple -ac options specified for stream 0, only the last option '-ac 2' will be used.
Multiple -ar options specified for stream 0, only the last option '-ar 48000' will be used.
[2026-05-03 13:06:39] [INFO    ] discord.player: ffmpeg process 290531 successfully terminated with return code of 0.
2026-05-03 13:06:39,419 [INFO] discord.player: ffmpeg process 290531 successfully terminated with return code of 0.
[2026-05-03 16:33:35] [INFO    ] discord.gateway: Shard ID None has successfully RESUMED session ccff94c6677995f7b8aad6188c5fe5dd.
2026-05-03 16:33:35,202 [INFO] discord.gateway: Shard ID None has successfully RESUMED session ccff94c6677995f7b8aad6188c5fe5dd.
❌ 早朝播報異常：NoAudioReceived: No audio was received. Please verify that your parameters are correct.
✅ morning 已執行：2026-05-03 17:08
[2026-05-03 19:55:16] [INFO    ] discord.gateway: Shard ID None has successfully RESUMED session ccff94c6677995f7b8aad6188c5fe5dd.
2026-05-03 19:55:16,843 [INFO] discord.gateway: Shard ID None has successfully RESUMED session ccff94c6677995f7b8aad6188c5fe5dd.
[2026-05-03 22:20:21] [INFO    ] discord.gateway: Shard ID None has successfully RESUMED session ccff94c6677995f7b8aad6188c5fe5dd.
2026-05-03 22:20:21,093 [INFO] discord.gateway: Shard ID None has successfully RESUMED session ccff94c6677995f7b8aad6188c5fe5dd.
[2026-05-04 00:47:04] [INFO    ] discord.gateway: Shard ID None has successfully RESUMED session ccff94c6677995f7b8aad6188c5fe5dd.
2026-05-04 00:47:04,936 [INFO] discord.gateway: Shard ID None has successfully RESUMED session ccff94c6677995f7b8aad6188c5fe5dd.
[2026-05-04 01:49:14] [INFO    ] discord.gateway: Shard ID None has successfully RESUMED session ccff94c6677995f7b8aad6188c5fe5dd.
2026-05-04 01:49:14,172 [INFO] discord.gateway: Shard ID None has successfully RESUMED session ccff94c6677995f7b8aad6188c5fe5dd.
[2026-05-04 03:20:53] [INFO    ] discord.gateway: Shard ID None has successfully RESUMED session ccff94c6677995f7b8aad6188c5fe5dd.
2026-05-04 03:20:53,200 [INFO] discord.gateway: Shard ID None has successfully RESUMED session ccff94c6677995f7b8aad6188c5fe5dd.
[2026-05-04 03:53:02] [INFO    ] discord.gateway: Shard ID None has successfully RESUMED session ccff94c6677995f7b8aad6188c5fe5dd.
2026-05-04 03:53:02,060 [INFO] discord.gateway: Shard ID None has successfully RESUMED session ccff94c6677995f7b8aad6188c5fe5dd.
[2026-05-04 05:39:25] [INFO    ] discord.gateway: Shard ID None has successfully RESUMED session ccff94c6677995f7b8aad6188c5fe5dd.
2026-05-04 05:39:25,789 [INFO] discord.gateway: Shard ID None has successfully RESUMED session ccff94c6677995f7b8aad6188c5fe5dd.
[2026-05-04 05:54:30] [INFO    ] discord.gateway: Shard ID None has successfully RESUMED session ccff94c6677995f7b8aad6188c5fe5dd.
2026-05-04 05:54:30,572 [INFO] discord.gateway: Shard ID None has successfully RESUMED session ccff94c6677995f7b8aad6188c5fe5dd.
[2026-05-04 07:40:04] [INFO    ] discord.gateway: Shard ID None has successfully RESUMED session ccff94c6677995f7b8aad6188c5fe5dd.
2026-05-04 07:40:04,828 [INFO] discord.gateway: Shard ID None has successfully RESUMED session ccff94c6677995f7b8aad6188c5fe5dd.
[2026-05-04 08:29:54] [INFO    ] discord.gateway: Shard ID None has successfully RESUMED session ccff94c6677995f7b8aad6188c5fe5dd.
2026-05-04 08:29:54,143 [INFO] discord.gateway: Shard ID None has successfully RESUMED session ccff94c6677995f7b8aad6188c5fe5dd.
[2026-05-04 10:13:31] [INFO    ] discord.gateway: Shard ID None has successfully RESUMED session ccff94c6677995f7b8aad6188c5fe5dd.
2026-05-04 10:13:31,521 [INFO] discord.gateway: Shard ID None has successfully RESUMED session ccff94c6677995f7b8aad6188c5fe5dd.
2026-05-04 11:05:36,028 [INFO] director_parser: 分批解析：5 個場景
2026-05-04 11:05:36,028 [INFO] director_parser: [並行] 同時處理 5 個場景
2026-05-04 11:05:36,028 [INFO] director_parser:   場景 1/5：「開場：春秋齊國的怒火」（603 字）
2026-05-04 11:05:36,029 [INFO] director_parser:   場景 2/5：「第一幕：刀鋒之前」（955 字）
2026-05-04 11:05:36,029 [INFO] director_parser:   場景 3/5：「第二幕：今古映照」（637 字）
2026-05-04 11:05:36,029 [INFO] director_parser:   場景 4/5：「第三幕：御史點評」（506 字）
2026-05-04 11:05:36,029 [INFO] director_parser:   場景 5/5：「場景5」（222 字）
2026-05-04 11:05:58,328 [INFO] httpx: HTTP Request: POST https://api.z.ai/api/coding/paas/v4/chat/completions "HTTP/1.1 200 OK"
2026-05-04 11:05:58,329 [INFO] director_parser:   場景 5 完成：2 段
2026-05-04 11:06:21,044 [INFO] httpx: HTTP Request: POST https://api.z.ai/api/coding/paas/v4/chat/completions "HTTP/1.1 200 OK"
2026-05-04 11:06:21,045 [WARNING] director_parser: JSON 提取失敗，回應前 500 字：```json
{
  "scenes": [
    {
      "scene_number": 4,
      "title": "第三幕：御史點評",
      "ambience": "none",
      "transition": "gong"
    }
  ],
  "segments": [
    {
      "scene_number": 4,
      "type": "dialogue",
      "speaker": "御史·魏徵",
      "text": "晏子此番諫言，道出直諫的最高境界——**不正面對抗，而側面包抄；不求情，而讓對方自己醒悟。**\n\n試想，倘若晏子一上来就說「主公不可殺人，殺人失德」，景公正在怒頭上，未必聽得進去，甚至可能連晏子一起怪罪。但晏子反其道而行——他說「可殺」，而且親自替景公列舉理由。這三條理由，前兩條是真的罪，第三條才是真正的殺手鐧。景公聽到第三條時，他腦中浮現的不是养马者的過失，而是自己被百姓怨恨、被諸侯輕視的畫面。",
      "expression_tags": ["calm"],

2026-05-04 11:06:21,045 [WARNING] director_parser:   場景 4 JSON 提取失敗
2026-05-04 11:06:28,353 [INFO] httpx: HTTP Request: POST https://api.z.ai/api/coding/paas/v4/chat/completions "HTTP/1.1 200 OK"
2026-05-04 11:06:28,354 [INFO] director_parser:   場景 3 完成：5 段
2026-05-04 11:06:52,331 [INFO] httpx: HTTP Request: POST https://api.z.ai/api/coding/paas/v4/chat/completions "HTTP/1.1 200 OK"
2026-05-04 11:06:52,332 [INFO] director_parser:   場景 1 完成：3 段
2026-05-04 11:07:35,790 [INFO] httpx: HTTP Request: POST https://api.z.ai/api/coding/paas/v4/chat/completions "HTTP/1.1 200 OK"
2026-05-04 11:07:35,791 [INFO] director_parser:   場景 2 完成：25 段
2026-05-04 11:07:35,791 [INFO] director_parser: [並行] 完成 4/5，失敗 1
2026-05-04 11:07:35,791 [WARNING] director_parser: [校稿] ⚠️ 無法匹配 speaker：齊景公（seg 5）
2026-05-04 11:07:35,792 [WARNING] director_parser: [校稿] ⚠️ 無法匹配 speaker：晏子（seg 8）
2026-05-04 11:07:35,792 [WARNING] director_parser: [校稿] ⚠️ 無法匹配 speaker：齊景公（seg 10）
2026-05-04 11:07:35,792 [WARNING] director_parser: [校稿] ⚠️ 無法匹配 speaker：晏子（seg 11）
2026-05-04 11:07:35,792 [WARNING] director_parser: [校稿] ⚠️ 無法匹配 speaker：齊景公（seg 13）
2026-05-04 11:07:35,792 [WARNING] director_parser: [校稿] ⚠️ 無法匹配 speaker：晏子（seg 14）
2026-05-04 11:07:35,792 [WARNING] director_parser: [校稿] ⚠️ 無法匹配 speaker：齊桓公（seg 16）
2026-05-04 11:07:35,792 [WARNING] director_parser: [校稿] ⚠️ 無法匹配 speaker：晏子（seg 18）
2026-05-04 11:07:35,792 [WARNING] director_parser: [校稿] ⚠️ 無法匹配 speaker：晏子（seg 20）
2026-05-04 11:07:35,792 [WARNING] director_parser: [校稿] ⚠️ 無法匹配 speaker：晏子（seg 22）
2026-05-04 11:07:35,792 [WARNING] director_parser: [校稿] ⚠️ 無法匹配 speaker：晏子（seg 24）
2026-05-04 11:07:35,792 [WARNING] director_parser: [校稿] ⚠️ 無法匹配 speaker：晏子（seg 27）
2026-05-04 11:07:35,792 [WARNING] director_parser: [校稿] ⚠️ 無法匹配 speaker：齊景公（seg 28）
2026-05-04 11:07:35,792 [INFO] director_parser: [校稿] 原始劇本音場標記：['none', 'none', 'studio', 'none', 'studio']
2026-05-04 11:07:35,792 [INFO] director_parser: [校稿] JSON 音場設定：{1: 'none', 2: 'none', 3: 'studio', 5: 'studio'}
2026-05-04 11:07:35,792 [WARNING] director_parser: [校稿] ⚠️ 可能有 3 段台詞未收入 segments：['📜 紀曉嵐｜取材：群書治要·卷33·晏子春秋·第三十四段', '晏子此番諫言，道出直諫的最高境界——**不正面對抗，而側面包', '今日的管理者，當記住三件事：']
2026-05-04 11:07:35,792 [INFO] director_parser: 分批解析完成：35 段 / 5 場景（場景 [4] 失敗）
2026-05-04 11:07:35,792 [WARNING] director_parser: 快取寫入失敗：Object of type date is not JSON serializable
[drama-cache] miss: no cache dir or manifest for 03a0484c159f
[drama] ⚠️ 未定義角色將 fallback 至 待詔·唐伯虎: 晏子, 齊景公, 齊桓公
[drama] >>> synth start seg 1/35 禮部·紀曉嵐 (voice=禮部·紀曉嵐)
[drama] <<< synth done seg 1 3.3s fallback=
[drama] 1/35 禮部·紀曉嵐 | alloc=0.0 reserved=0.0 nvidia=7199 MB | seg_dur=3.09s cursor=4.1s
[drama] >>> synth start seg 2/35 待詔·唐伯虎 (voice=待詔·唐伯虎)
[drama] <<< synth done seg 2 23.7s fallback=
[drama] 2/35 待詔·唐伯虎 | alloc=0.0 reserved=0.0 nvidia=7851 MB | seg_dur=34.44s cursor=39.0s
[drama] >>> synth start seg 3/35 御史·魏徵 (voice=御史·魏徵)
[drama] <<< synth done seg 3 15.0s fallback=
[drama] 3/35 御史·魏徵 | alloc=0.0 reserved=0.0 nvidia=7747 MB | seg_dur=20.32s cursor=59.8s
[drama] >>> synth start seg 4/35 禮部·紀曉嵐 (voice=禮部·紀曉嵐)
[drama] <<< synth done seg 4 10.0s fallback=
[drama] 4/35 禮部·紀曉嵐 | alloc=0.0 reserved=0.0 nvidia=7745 MB | seg_dur=13.92s cursor=74.8s
[drama] fallback voice: 齊景公 -> 待詔·唐伯虎 (seg 5/35)
[drama] >>> synth start seg 5/35 齊景公 (voice=待詔·唐伯虎)
[drama] <<< synth done seg 5 5.7s fallback=
[drama] 5/35 齊景公 | alloc=0.0 reserved=0.0 nvidia=7613 MB | seg_dur=6.55s cursor=81.8s
[drama] >>> synth start seg 6/35 禮部·紀曉嵐 (voice=禮部·紀曉嵐)
[drama] <<< synth done seg 6 4.1s fallback=
[drama] 6/35 禮部·紀曉嵐 | alloc=0.0 reserved=0.0 nvidia=7299 MB | seg_dur=4.41s cursor=87.2s
[drama] >>> synth start seg 7/35 禮部·紀曉嵐 (voice=禮部·紀曉嵐)
[drama] <<< synth done seg 7 4.3s fallback=
[drama] 7/35 禮部·紀曉嵐 | alloc=0.0 reserved=0.0 nvidia=7341 MB | seg_dur=4.97s cursor=93.2s
[drama] fallback voice: 晏子 -> 待詔·唐伯虎 (seg 8/35)
[drama] >>> synth start seg 8/35 晏子 (voice=待詔·唐伯虎)
[drama] <<< synth done seg 8 2.5s fallback=
[drama] 8/35 晏子 | alloc=0.0 reserved=0.0 nvidia=7405 MB | seg_dur=1.28s cursor=95.0s
[drama] >>> synth start seg 9/35 禮部·紀曉嵐 (voice=禮部·紀曉嵐)
[drama] <<< synth done seg 9 3.8s fallback=
[drama] 9/35 禮部·紀曉嵐 | alloc=0.0 reserved=0.0 nvidia=7279 MB | seg_dur=4.13s cursor=100.1s
[drama] fallback voice: 齊景公 -> 待詔·唐伯虎 (seg 10/35)
[drama] >>> synth start seg 10/35 齊景公 (voice=待詔·唐伯虎)
[drama] <<< synth done seg 10 3.8s fallback=
[drama] 10/35 齊景公 | alloc=0.0 reserved=0.0 nvidia=7415 MB | seg_dur=3.49s cursor=104.1s
[drama] fallback voice: 晏子 -> 待詔·唐伯虎 (seg 11/35)
[drama] >>> synth start seg 11/35 晏子 (voice=待詔·唐伯虎)
[drama] <<< synth done seg 11 6.3s fallback=
[drama] 11/35 晏子 | alloc=0.0 reserved=0.0 nvidia=7717 MB | seg_dur=7.91s cursor=112.5s
[drama] >>> synth start seg 12/35 禮部·紀曉嵐 (voice=禮部·紀曉嵐)
[drama] <<< synth done seg 12 3.2s fallback=
[drama] 12/35 禮部·紀曉嵐 | alloc=0.0 reserved=0.0 nvidia=7201 MB | seg_dur=2.75s cursor=116.3s
[drama] fallback voice: 齊景公 -> 待詔·唐伯虎 (seg 13/35)
[drama] >>> synth start seg 13/35 齊景公 (voice=待詔·唐伯虎)
[drama] <<< synth done seg 13 4.7s fallback=
[drama] 13/35 齊景公 | alloc=0.0 reserved=0.0 nvidia=7495 MB | seg_dur=4.89s cursor=121.7s
[drama] fallback voice: 晏子 -> 待詔·唐伯虎 (seg 14/35)
[drama] >>> synth start seg 14/35 晏子 (voice=待詔·唐伯虎)
[drama] <<< synth done seg 14 4.2s fallback=
[drama] 14/35 晏子 | alloc=0.0 reserved=0.0 nvidia=7495 MB | seg_dur=4.45s cursor=126.6s
[drama] >>> synth start seg 15/35 禮部·紀曉嵐 (voice=禮部·紀曉嵐)
[drama] <<< synth done seg 15 4.9s fallback=
[drama] 15/35 禮部·紀曉嵐 | alloc=0.0 reserved=0.0 nvidia=7381 MB | seg_dur=5.78s cursor=133.4s
[drama] fallback voice: 齊桓公 -> 待詔·唐伯虎 (seg 16/35)
[drama] >>> synth start seg 16/35 齊桓公 (voice=待詔·唐伯虎)
[drama] <<< synth done seg 16 3.3s fallback=
[drama] 16/35 齊桓公 | alloc=0.0 reserved=0.0 nvidia=7435 MB | seg_dur=2.73s cursor=136.6s
[drama] >>> synth start seg 17/35 禮部·紀曉嵐 (voice=禮部·紀曉嵐)
[drama] <<< synth done seg 17 3.9s fallback=
[drama] 17/35 禮部·紀曉嵐 | alloc=0.0 reserved=0.0 nvidia=7301 MB | seg_dur=4.19s cursor=141.8s
[drama] fallback voice: 晏子 -> 待詔·唐伯虎 (seg 18/35)
[drama] >>> synth start seg 18/35 晏子 (voice=待詔·唐伯虎)
[drama] <<< synth done seg 18 3.3s fallback=
[drama] 18/35 晏子 | alloc=0.0 reserved=0.0 nvidia=7415 MB | seg_dur=2.65s cursor=144.9s
[drama] >>> synth start seg 19/35 禮部·紀曉嵐 (voice=禮部·紀曉嵐)
[drama] <<< synth done seg 19 4.0s fallback=
[drama] 19/35 禮部·紀曉嵐 | alloc=0.0 reserved=0.0 nvidia=7279 MB | seg_dur=4.37s cursor=150.3s
[drama] fallback voice: 晏子 -> 待詔·唐伯虎 (seg 20/35)
[drama] >>> synth start seg 20/35 晏子 (voice=待詔·唐伯虎)
[drama] <<< synth done seg 20 4.9s fallback=
[drama] 20/35 晏子 | alloc=0.0 reserved=0.0 nvidia=7515 MB | seg_dur=5.17s cursor=156.0s
[drama] >>> synth start seg 21/35 禮部·紀曉嵐 (voice=禮部·紀曉嵐)
[drama] <<< synth done seg 21 3.0s fallback=
[drama] 21/35 禮部·紀曉嵐 | alloc=0.0 reserved=0.0 nvidia=7161 MB | seg_dur=2.53s cursor=159.5s
[drama] fallback voice: 晏子 -> 待詔·唐伯虎 (seg 22/35)
[drama] >>> synth start seg 22/35 晏子 (voice=待詔·唐伯虎)
[drama] <<< synth done seg 22 4.6s fallback=
[drama] 22/35 晏子 | alloc=0.0 reserved=0.0 nvidia=7495 MB | seg_dur=4.81s cursor=164.8s
[drama] >>> synth start seg 23/35 禮部·紀曉嵐 (voice=禮部·紀曉嵐)
[drama] <<< synth done seg 23 4.3s fallback=
[drama] 23/35 禮部·紀曉嵐 | alloc=0.0 reserved=0.0 nvidia=7341 MB | seg_dur=4.97s cursor=170.8s
[drama] fallback voice: 晏子 -> 待詔·唐伯虎 (seg 24/35)
[drama] >>> synth start seg 24/35 晏子 (voice=待詔·唐伯虎)
[drama] <<< synth done seg 24 11.8s fallback=
[drama] 24/35 晏子 | alloc=0.0 reserved=0.0 nvidia=7917 MB | seg_dur=15.87s cursor=187.2s
[drama] >>> synth start seg 25/35 禮部·紀曉嵐 (voice=禮部·紀曉嵐)
[drama] <<< synth done seg 25 4.5s fallback=
[drama] 25/35 禮部·紀曉嵐 | alloc=0.0 reserved=0.0 nvidia=7319 MB | seg_dur=4.89s cursor=193.0s
[drama] >>> synth start seg 26/35 禮部·紀曉嵐 (voice=禮部·紀曉嵐)
[drama] <<< synth done seg 26 2.6s fallback=
[drama] 26/35 禮部·紀曉嵐 | alloc=0.0 reserved=0.0 nvidia=7323 MB | seg_dur=1.97s cursor=196.0s
[drama] fallback voice: 晏子 -> 待詔·唐伯虎 (seg 27/35)
[drama] >>> synth start seg 27/35 晏子 (voice=待詔·唐伯虎)
[drama] <<< synth done seg 27 3.4s fallback=
[drama] 27/35 晏子 | alloc=0.0 reserved=0.0 nvidia=7393 MB | seg_dur=2.87s cursor=199.4s
[drama] fallback voice: 齊景公 -> 待詔·唐伯虎 (seg 28/35)
[drama] >>> synth start seg 28/35 齊景公 (voice=待詔·唐伯虎)
[drama] <<< synth done seg 28 2.2s fallback=
[drama] 28/35 齊景公 | alloc=0.0 reserved=0.0 nvidia=7433 MB | seg_dur=0.95s cursor=200.8s
[drama] >>> synth start seg 29/35 待詔·唐伯虎 (voice=待詔·唐伯虎)
[drama] <<< synth done seg 29 20.7s fallback=
[drama] 29/35 待詔·唐伯虎 | alloc=0.0 reserved=0.0 nvidia=7997 MB | seg_dur=30.20s cursor=231.5s
[drama] >>> synth start seg 30/35 御史·魏徵 (voice=御史·魏徵)
[drama] <<< synth done seg 30 4.8s fallback=
[drama] 30/35 御史·魏徵 | alloc=0.0 reserved=0.0 nvidia=7509 MB | seg_dur=5.14s cursor=237.2s
[drama] >>> synth start seg 31/35 待詔·唐伯虎 (voice=待詔·唐伯虎)
[drama] <<< synth done seg 31 12.7s fallback=
[drama] 31/35 待詔·唐伯虎 | alloc=0.0 reserved=0.0 nvidia=7919 MB | seg_dur=17.60s cursor=255.3s
[drama] >>> synth start seg 32/35 御史·魏徵 (voice=御史·魏徵)
[drama] <<< synth done seg 32 14.7s fallback=
[drama] 32/35 御史·魏徵 | alloc=0.0 reserved=0.0 nvidia=7777 MB | seg_dur=20.87s cursor=276.7s
[drama] >>> synth start seg 33/35 待詔·唐伯虎 (voice=待詔·唐伯虎)
[drama] <<< synth done seg 33 14.1s fallback=
[drama] 33/35 待詔·唐伯虎 | alloc=0.0 reserved=0.0 nvidia=7859 MB | seg_dur=19.28s cursor=296.4s
[drama] >>> synth start seg 34/35 御史·魏徵 (voice=御史·魏徵)
[drama] <<< synth done seg 34 8.0s fallback=
[drama] 34/35 御史·魏徵 | alloc=0.0 reserved=0.0 nvidia=7831 MB | seg_dur=10.24s cursor=307.2s
[drama] >>> synth start seg 35/35 待詔·唐伯虎 (voice=待詔·唐伯虎)
[drama] <<< synth done seg 35 5.8s fallback=
[drama] 35/35 待詔·唐伯虎 | alloc=0.0 reserved=0.0 nvidia=7615 MB | seg_dur=6.55s cursor=313.7s
[drama] checkpoint 已清理：/home/hermes01/projects/VoxCPM/test_output/voice_bot/checkpoint_1777864056051
[drama-cache] ✅ 快取已寫入 03a0484c159f（35 段）
[aist#0:0/pcm_s16le @ 0x5b15530ee380] Guessed Channel Layout: mono
Multiple -ac options specified for stream 0, only the last option '-ac 2' will be used.
Multiple -ar options specified for stream 0, only the last option '-ar 48000' will be used.
[2026-05-04 11:16:49] [INFO    ] discord.player: ffmpeg process 548738 successfully terminated with return code of 0.
2026-05-04 11:16:49,630 [INFO] discord.player: ffmpeg process 548738 successfully terminated with return code of 0.
[drama-cache] ✅ 快取命中 4a676a79d037（22 段）
[drama-cache] 快取載入完成，duration=163.6s
[aist#0:0/pcm_s16le @ 0x60899448b380] Guessed Channel Layout: mono
Multiple -ac options specified for stream 0, only the last option '-ac 2' will be used.
Multiple -ar options specified for stream 0, only the last option '-ar 48000' will be used.
[2026-05-04 11:20:49] [INFO    ] discord.player: ffmpeg process 549939 successfully terminated with return code of 0.
2026-05-04 11:20:49,276 [INFO] discord.player: ffmpeg process 549939 successfully terminated with return code of 0.
[2026-05-04 12:00:28] [ERROR   ] discord.voice_state: Disconnected from voice... Reconnecting in 0.36s.
Traceback (most recent call last):
  File "/home/hermes01/.local/share/uv/python/cpython-3.11.15-linux-x86_64-gnu/lib/python3.11/asyncio/tasks.py", line 500, in wait_for
    return fut.result()
           ^^^^^^^^^^^^
  File "/home/hermes01/projects/VoxCPM/venv/lib/python3.11/site-packages/aiohttp/client_ws.py", line 336, in receive
    msg = await self._reader.read()
          ^^^^^^^^^^^^^^^^^^^^^^^^^
  File "aiohttp/_websocket/reader_c.py", line 118, in read
  File "aiohttp/_websocket/reader_c.py", line 115, in aiohttp._websocket.reader_c.WebSocketDataQueue.read
asyncio.exceptions.CancelledError

The above exception was the direct cause of the following exception:

Traceback (most recent call last):
  File "/home/hermes01/projects/VoxCPM/venv/lib/python3.11/site-packages/discord/voice_state.py", line 671, in _poll_voice_ws
    await self.ws.poll_event()
  File "/home/hermes01/projects/VoxCPM/venv/lib/python3.11/site-packages/discord/gateway.py", line 1154, in poll_event
    msg = await asyncio.wait_for(self.ws.receive(), timeout=30.0)
          ^^^^^^^^^^^^^^^^^^^^^^^^^^^^^^^^^^^^^^^^^^^^^^^^^^^^^^^
  File "/home/hermes01/.local/share/uv/python/cpython-3.11.15-linux-x86_64-gnu/lib/python3.11/asyncio/tasks.py", line 502, in wait_for
    raise exceptions.TimeoutError() from exc
TimeoutError
2026-05-04 12:00:28,064 [ERROR] discord.voice_state: Disconnected from voice... Reconnecting in 0.36s.
Traceback (most recent call last):
  File "/home/hermes01/.local/share/uv/python/cpython-3.11.15-linux-x86_64-gnu/lib/python3.11/asyncio/tasks.py", line 500, in wait_for
    return fut.result()
           ^^^^^^^^^^^^
  File "/home/hermes01/projects/VoxCPM/venv/lib/python3.11/site-packages/aiohttp/client_ws.py", line 336, in receive
    msg = await self._reader.read()
          ^^^^^^^^^^^^^^^^^^^^^^^^^
  File "aiohttp/_websocket/reader_c.py", line 118, in read
  File "aiohttp/_websocket/reader_c.py", line 115, in aiohttp._websocket.reader_c.WebSocketDataQueue.read
asyncio.exceptions.CancelledError

The above exception was the direct cause of the following exception:

Traceback (most recent call last):
  File "/home/hermes01/projects/VoxCPM/venv/lib/python3.11/site-packages/discord/voice_state.py", line 671, in _poll_voice_ws
    await self.ws.poll_event()
  File "/home/hermes01/projects/VoxCPM/venv/lib/python3.11/site-packages/discord/gateway.py", line 1154, in poll_event
    msg = await asyncio.wait_for(self.ws.receive(), timeout=30.0)
          ^^^^^^^^^^^^^^^^^^^^^^^^^^^^^^^^^^^^^^^^^^^^^^^^^^^^^^^
  File "/home/hermes01/.local/share/uv/python/cpython-3.11.15-linux-x86_64-gnu/lib/python3.11/asyncio/tasks.py", line 502, in wait_for
    raise exceptions.TimeoutError() from exc
TimeoutError
[2026-05-04 12:00:28] [INFO    ] discord.voice_state: The voice handshake is being terminated for Channel ID 1493898826677747725 (Guild ID 1493898826182824127)
2026-05-04 12:00:28,433 [INFO] discord.voice_state: The voice handshake is being terminated for Channel ID 1493898826677747725 (Guild ID 1493898826182824127)
[2026-05-04 12:00:28] [INFO    ] discord.voice_state: Connecting to voice...
2026-05-04 12:00:28,433 [INFO] discord.voice_state: Connecting to voice...
[2026-05-04 12:00:28] [INFO    ] discord.voice_state: Starting voice handshake... (connection attempt 1)
2026-05-04 12:00:28,433 [INFO] discord.voice_state: Starting voice handshake... (connection attempt 1)
[2026-05-04 12:00:34] [ERROR   ] discord.client: Attempting a reconnect in 1.09s
Traceback (most recent call last):
  File "/home/hermes01/projects/VoxCPM/venv/lib/python3.11/site-packages/aiohttp/connector.py", line 1574, in _create_direct_connection
    hosts = await self._resolve_host(host, port, traces=traces)
            ^^^^^^^^^^^^^^^^^^^^^^^^^^^^^^^^^^^^^^^^^^^^^^^^^^^
  File "/home/hermes01/projects/VoxCPM/venv/lib/python3.11/site-packages/aiohttp/connector.py", line 1190, in _resolve_host
    return await asyncio.shield(resolved_host_task)
           ^^^^^^^^^^^^^^^^^^^^^^^^^^^^^^^^^^^^^^^^
  File "/home/hermes01/projects/VoxCPM/venv/lib/python3.11/site-packages/aiohttp/connector.py", line 1221, in _resolve_host_with_throttle
    addrs = await self._resolver.resolve(host, port, family=self._family)
            ^^^^^^^^^^^^^^^^^^^^^^^^^^^^^^^^^^^^^^^^^^^^^^^^^^^^^^^^^^^^^
  File "/home/hermes01/projects/VoxCPM/venv/lib/python3.11/site-packages/aiohttp/resolver.py", line 40, in resolve
    infos = await self._loop.getaddrinfo(
            ^^^^^^^^^^^^^^^^^^^^^^^^^^^^^
  File "/home/hermes01/.local/share/uv/python/cpython-3.11.15-linux-x86_64-gnu/lib/python3.11/asyncio/base_events.py", line 868, in getaddrinfo
    return await self.run_in_executor(
           ^^^^^^^^^^^^^^^^^^^^^^^^^^^
  File "/home/hermes01/.local/share/uv/python/cpython-3.11.15-linux-x86_64-gnu/lib/python3.11/concurrent/futures/thread.py", line 58, in run
    result = self.fn(*self.args, **self.kwargs)
             ^^^^^^^^^^^^^^^^^^^^^^^^^^^^^^^^^^
  File "/home/hermes01/.local/share/uv/python/cpython-3.11.15-linux-x86_64-gnu/lib/python3.11/socket.py", line 974, in getaddrinfo
    for res in _socket.getaddrinfo(host, port, family, type, proto, flags):
               ^^^^^^^^^^^^^^^^^^^^^^^^^^^^^^^^^^^^^^^^^^^^^^^^^^^^^^^^^^^
socket.gaierror: [Errno -2] Name or service not known

The above exception was the direct cause of the following exception:

Traceback (most recent call last):
  File "/home/hermes01/projects/VoxCPM/venv/lib/python3.11/site-packages/discord/client.py", line 728, in connect
    self.ws = await asyncio.wait_for(coro, timeout=60.0)
              ^^^^^^^^^^^^^^^^^^^^^^^^^^^^^^^^^^^^^^^^^^
  File "/home/hermes01/.local/share/uv/python/cpython-3.11.15-linux-x86_64-gnu/lib/python3.11/asyncio/tasks.py", line 489, in wait_for
    return fut.result()
           ^^^^^^^^^^^^
  File "/home/hermes01/projects/VoxCPM/venv/lib/python3.11/site-packages/discord/gateway.py", line 392, in from_client
    socket = await client.http.ws_connect(str(url))
             ^^^^^^^^^^^^^^^^^^^^^^^^^^^^^^^^^^^^^^
  File "/home/hermes01/projects/VoxCPM/venv/lib/python3.11/site-packages/discord/http.py", line 571, in ws_connect
    return await self.__session.ws_connect(url, **kwargs)
           ^^^^^^^^^^^^^^^^^^^^^^^^^^^^^^^^^^^^^^^^^^^^^^
  File "/home/hermes01/projects/VoxCPM/venv/lib/python3.11/site-packages/aiohttp/client.py", line 1087, in _ws_connect
    resp = await self.request(
           ^^^^^^^^^^^^^^^^^^^
  File "/home/hermes01/projects/VoxCPM/venv/lib/python3.11/site-packages/aiohttp/client.py", line 788, in _request
    resp = await handler(req)
           ^^^^^^^^^^^^^^^^^^
  File "/home/hermes01/projects/VoxCPM/venv/lib/python3.11/site-packages/aiohttp/client.py", line 742, in _connect_and_send_request
    conn = await self._connector.connect(
           ^^^^^^^^^^^^^^^^^^^^^^^^^^^^^^
  File "/home/hermes01/projects/VoxCPM/venv/lib/python3.11/site-packages/aiohttp/connector.py", line 672, in connect
    proto = await self._create_connection(req, traces, timeout)
            ^^^^^^^^^^^^^^^^^^^^^^^^^^^^^^^^^^^^^^^^^^^^^^^^^^^
  File "/home/hermes01/projects/VoxCPM/venv/lib/python3.11/site-packages/aiohttp/connector.py", line 1251, in _create_connection
    _, proto = await self._create_direct_connection(req, traces, timeout)
               ^^^^^^^^^^^^^^^^^^^^^^^^^^^^^^^^^^^^^^^^^^^^^^^^^^^^^^^^^^
  File "/home/hermes01/projects/VoxCPM/venv/lib/python3.11/site-packages/aiohttp/connector.py", line 1580, in _create_direct_connection
    raise ClientConnectorDNSError(req.connection_key, exc) from exc
aiohttp.client_exceptions.ClientConnectorDNSError: Cannot connect to host gateway-us-east1-b.discord.gg:443 ssl:default [Name or service not known]
2026-05-04 12:00:34,136 [ERROR] discord.client: Attempting a reconnect in 1.09s
Traceback (most recent call last):
  File "/home/hermes01/projects/VoxCPM/venv/lib/python3.11/site-packages/aiohttp/connector.py", line 1574, in _create_direct_connection
    hosts = await self._resolve_host(host, port, traces=traces)
            ^^^^^^^^^^^^^^^^^^^^^^^^^^^^^^^^^^^^^^^^^^^^^^^^^^^
  File "/home/hermes01/projects/VoxCPM/venv/lib/python3.11/site-packages/aiohttp/connector.py", line 1190, in _resolve_host
    return await asyncio.shield(resolved_host_task)
           ^^^^^^^^^^^^^^^^^^^^^^^^^^^^^^^^^^^^^^^^
  File "/home/hermes01/projects/VoxCPM/venv/lib/python3.11/site-packages/aiohttp/connector.py", line 1221, in _resolve_host_with_throttle
    addrs = await self._resolver.resolve(host, port, family=self._family)
            ^^^^^^^^^^^^^^^^^^^^^^^^^^^^^^^^^^^^^^^^^^^^^^^^^^^^^^^^^^^^^
  File "/home/hermes01/projects/VoxCPM/venv/lib/python3.11/site-packages/aiohttp/resolver.py", line 40, in resolve
    infos = await self._loop.getaddrinfo(
            ^^^^^^^^^^^^^^^^^^^^^^^^^^^^^
  File "/home/hermes01/.local/share/uv/python/cpython-3.11.15-linux-x86_64-gnu/lib/python3.11/asyncio/base_events.py", line 868, in getaddrinfo
    return await self.run_in_executor(
           ^^^^^^^^^^^^^^^^^^^^^^^^^^^
  File "/home/hermes01/.local/share/uv/python/cpython-3.11.15-linux-x86_64-gnu/lib/python3.11/concurrent/futures/thread.py", line 58, in run
    result = self.fn(*self.args, **self.kwargs)
             ^^^^^^^^^^^^^^^^^^^^^^^^^^^^^^^^^^
  File "/home/hermes01/.local/share/uv/python/cpython-3.11.15-linux-x86_64-gnu/lib/python3.11/socket.py", line 974, in getaddrinfo
    for res in _socket.getaddrinfo(host, port, family, type, proto, flags):
               ^^^^^^^^^^^^^^^^^^^^^^^^^^^^^^^^^^^^^^^^^^^^^^^^^^^^^^^^^^^
socket.gaierror: [Errno -2] Name or service not known

The above exception was the direct cause of the following exception:

Traceback (most recent call last):
  File "/home/hermes01/projects/VoxCPM/venv/lib/python3.11/site-packages/discord/client.py", line 728, in connect
    self.ws = await asyncio.wait_for(coro, timeout=60.0)
              ^^^^^^^^^^^^^^^^^^^^^^^^^^^^^^^^^^^^^^^^^^
  File "/home/hermes01/.local/share/uv/python/cpython-3.11.15-linux-x86_64-gnu/lib/python3.11/asyncio/tasks.py", line 489, in wait_for
    return fut.result()
           ^^^^^^^^^^^^
  File "/home/hermes01/projects/VoxCPM/venv/lib/python3.11/site-packages/discord/gateway.py", line 392, in from_client
    socket = await client.http.ws_connect(str(url))
             ^^^^^^^^^^^^^^^^^^^^^^^^^^^^^^^^^^^^^^
  File "/home/hermes01/projects/VoxCPM/venv/lib/python3.11/site-packages/discord/http.py", line 571, in ws_connect
    return await self.__session.ws_connect(url, **kwargs)
           ^^^^^^^^^^^^^^^^^^^^^^^^^^^^^^^^^^^^^^^^^^^^^^
  File "/home/hermes01/projects/VoxCPM/venv/lib/python3.11/site-packages/aiohttp/client.py", line 1087, in _ws_connect
    resp = await self.request(
           ^^^^^^^^^^^^^^^^^^^
  File "/home/hermes01/projects/VoxCPM/venv/lib/python3.11/site-packages/aiohttp/client.py", line 788, in _request
    resp = await handler(req)
           ^^^^^^^^^^^^^^^^^^
  File "/home/hermes01/projects/VoxCPM/venv/lib/python3.11/site-packages/aiohttp/client.py", line 742, in _connect_and_send_request
    conn = await self._connector.connect(
           ^^^^^^^^^^^^^^^^^^^^^^^^^^^^^^
  File "/home/hermes01/projects/VoxCPM/venv/lib/python3.11/site-packages/aiohttp/connector.py", line 672, in connect
    proto = await self._create_connection(req, traces, timeout)
            ^^^^^^^^^^^^^^^^^^^^^^^^^^^^^^^^^^^^^^^^^^^^^^^^^^^
  File "/home/hermes01/projects/VoxCPM/venv/lib/python3.11/site-packages/aiohttp/connector.py", line 1251, in _create_connection
    _, proto = await self._create_direct_connection(req, traces, timeout)
               ^^^^^^^^^^^^^^^^^^^^^^^^^^^^^^^^^^^^^^^^^^^^^^^^^^^^^^^^^^
  File "/home/hermes01/projects/VoxCPM/venv/lib/python3.11/site-packages/aiohttp/connector.py", line 1580, in _create_direct_connection
    raise ClientConnectorDNSError(req.connection_key, exc) from exc
aiohttp.client_exceptions.ClientConnectorDNSError: Cannot connect to host gateway-us-east1-b.discord.gg:443 ssl:default [Name or service not known]
[2026-05-04 12:00:35] [INFO    ] discord.gateway: Shard ID None has successfully RESUMED session ccff94c6677995f7b8aad6188c5fe5dd.
2026-05-04 12:00:35,663 [INFO] discord.gateway: Shard ID None has successfully RESUMED session ccff94c6677995f7b8aad6188c5fe5dd.
[2026-05-04 12:01:03] [WARNING ] discord.gateway: Shard ID None has stopped responding to the gateway. Closing and restarting.
2026-05-04 12:01:03,025 [WARNING] discord.gateway: Shard ID None has stopped responding to the gateway. Closing and restarting.
[2026-05-04 15:21:11] [INFO    ] discord.gateway: Shard ID None has successfully RESUMED session ccff94c6677995f7b8aad6188c5fe5dd.
2026-05-04 15:21:11,497 [INFO] discord.gateway: Shard ID None has successfully RESUMED session ccff94c6677995f7b8aad6188c5fe5dd.
❌ 早朝播報異常：ClientException: Not connected to voice.
✅ morning 已執行：2026-05-04 17:08
[2026-05-04 17:37:28] [INFO    ] discord.gateway: Shard ID None has successfully RESUMED session ccff94c6677995f7b8aad6188c5fe5dd.
2026-05-04 17:37:28,604 [INFO] discord.gateway: Shard ID None has successfully RESUMED session ccff94c6677995f7b8aad6188c5fe5dd.
[2026-05-04 17:53:58] [INFO    ] discord.gateway: Shard ID None has successfully RESUMED session ccff94c6677995f7b8aad6188c5fe5dd.
2026-05-04 17:53:58,808 [INFO] discord.gateway: Shard ID None has successfully RESUMED session ccff94c6677995f7b8aad6188c5fe5dd.
[2026-05-04 20:23:19] [INFO    ] discord.gateway: Shard ID None has successfully RESUMED session ccff94c6677995f7b8aad6188c5fe5dd.
2026-05-04 20:23:19,511 [INFO] discord.gateway: Shard ID None has successfully RESUMED session ccff94c6677995f7b8aad6188c5fe5dd.
[2026-05-05 00:15:11] [INFO    ] discord.gateway: Shard ID None has successfully RESUMED session ccff94c6677995f7b8aad6188c5fe5dd.
2026-05-05 00:15:11,827 [INFO] discord.gateway: Shard ID None has successfully RESUMED session ccff94c6677995f7b8aad6188c5fe5dd.
[2026-05-05 00:50:08] [INFO    ] discord.gateway: Shard ID None has successfully RESUMED session ccff94c6677995f7b8aad6188c5fe5dd.
2026-05-05 00:50:08,153 [INFO] discord.gateway: Shard ID None has successfully RESUMED session ccff94c6677995f7b8aad6188c5fe5dd.
[2026-05-05 02:27:14] [INFO    ] discord.gateway: Shard ID None has successfully RESUMED session ccff94c6677995f7b8aad6188c5fe5dd.
2026-05-05 02:27:14,317 [INFO] discord.gateway: Shard ID None has successfully RESUMED session ccff94c6677995f7b8aad6188c5fe5dd.
[2026-05-05 02:45:34] [INFO    ] discord.gateway: Shard ID None has successfully RESUMED session ccff94c6677995f7b8aad6188c5fe5dd.
2026-05-05 02:45:34,209 [INFO] discord.gateway: Shard ID None has successfully RESUMED session ccff94c6677995f7b8aad6188c5fe5dd.
[2026-05-05 03:04:08] [INFO    ] discord.gateway: Shard ID None has successfully RESUMED session ccff94c6677995f7b8aad6188c5fe5dd.
2026-05-05 03:04:08,398 [INFO] discord.gateway: Shard ID None has successfully RESUMED session ccff94c6677995f7b8aad6188c5fe5dd.
[2026-05-05 03:14:36] [INFO    ] discord.gateway: Shard ID None has successfully RESUMED session ccff94c6677995f7b8aad6188c5fe5dd.
2026-05-05 03:14:36,349 [INFO] discord.gateway: Shard ID None has successfully RESUMED session ccff94c6677995f7b8aad6188c5fe5dd.
[2026-05-05 03:40:24] [INFO    ] discord.gateway: Shard ID None has successfully RESUMED session ccff94c6677995f7b8aad6188c5fe5dd.
2026-05-05 03:40:24,413 [INFO] discord.gateway: Shard ID None has successfully RESUMED session ccff94c6677995f7b8aad6188c5fe5dd.
[2026-05-05 04:39:09] [INFO    ] discord.gateway: Shard ID None has successfully RESUMED session ccff94c6677995f7b8aad6188c5fe5dd.
2026-05-05 04:39:09,000 [INFO] discord.gateway: Shard ID None has successfully RESUMED session ccff94c6677995f7b8aad6188c5fe5dd.
[2026-05-05 07:06:19] [INFO    ] discord.gateway: Shard ID None has successfully RESUMED session ccff94c6677995f7b8aad6188c5fe5dd.
2026-05-05 07:06:19,547 [INFO] discord.gateway: Shard ID None has successfully RESUMED session ccff94c6677995f7b8aad6188c5fe5dd.
[2026-05-05 09:20:02] [INFO    ] discord.gateway: Shard ID None has successfully RESUMED session ccff94c6677995f7b8aad6188c5fe5dd.
2026-05-05 09:20:02,382 [INFO] discord.gateway: Shard ID None has successfully RESUMED session ccff94c6677995f7b8aad6188c5fe5dd.
[2026-05-05 09:55:43] [INFO    ] discord.gateway: Shard ID None has successfully RESUMED session ccff94c6677995f7b8aad6188c5fe5dd.
2026-05-05 09:55:43,861 [INFO] discord.gateway: Shard ID None has successfully RESUMED session ccff94c6677995f7b8aad6188c5fe5dd.
[2026-05-05 10:25:50] [INFO    ] discord.gateway: Shard ID None has successfully RESUMED session ccff94c6677995f7b8aad6188c5fe5dd.
2026-05-05 10:25:50,623 [INFO] discord.gateway: Shard ID None has successfully RESUMED session ccff94c6677995f7b8aad6188c5fe5dd.
[2026-05-05 12:00:30] [ERROR   ] discord.client: Attempting a reconnect in 0.49s
Traceback (most recent call last):
  File "/home/hermes01/projects/VoxCPM/venv/lib/python3.11/site-packages/aiohttp/connector.py", line 1574, in _create_direct_connection
    hosts = await self._resolve_host(host, port, traces=traces)
            ^^^^^^^^^^^^^^^^^^^^^^^^^^^^^^^^^^^^^^^^^^^^^^^^^^^
  File "/home/hermes01/projects/VoxCPM/venv/lib/python3.11/site-packages/aiohttp/connector.py", line 1190, in _resolve_host
    return await asyncio.shield(resolved_host_task)
           ^^^^^^^^^^^^^^^^^^^^^^^^^^^^^^^^^^^^^^^^
  File "/home/hermes01/projects/VoxCPM/venv/lib/python3.11/site-packages/aiohttp/connector.py", line 1221, in _resolve_host_with_throttle
    addrs = await self._resolver.resolve(host, port, family=self._family)
            ^^^^^^^^^^^^^^^^^^^^^^^^^^^^^^^^^^^^^^^^^^^^^^^^^^^^^^^^^^^^^
  File "/home/hermes01/projects/VoxCPM/venv/lib/python3.11/site-packages/aiohttp/resolver.py", line 40, in resolve
    infos = await self._loop.getaddrinfo(
            ^^^^^^^^^^^^^^^^^^^^^^^^^^^^^
  File "/home/hermes01/.local/share/uv/python/cpython-3.11.15-linux-x86_64-gnu/lib/python3.11/asyncio/base_events.py", line 868, in getaddrinfo
    return await self.run_in_executor(
           ^^^^^^^^^^^^^^^^^^^^^^^^^^^
  File "/home/hermes01/.local/share/uv/python/cpython-3.11.15-linux-x86_64-gnu/lib/python3.11/concurrent/futures/thread.py", line 58, in run
    result = self.fn(*self.args, **self.kwargs)
             ^^^^^^^^^^^^^^^^^^^^^^^^^^^^^^^^^^
  File "/home/hermes01/.local/share/uv/python/cpython-3.11.15-linux-x86_64-gnu/lib/python3.11/socket.py", line 974, in getaddrinfo
    for res in _socket.getaddrinfo(host, port, family, type, proto, flags):
               ^^^^^^^^^^^^^^^^^^^^^^^^^^^^^^^^^^^^^^^^^^^^^^^^^^^^^^^^^^^
socket.gaierror: [Errno -2] Name or service not known

The above exception was the direct cause of the following exception:

Traceback (most recent call last):
  File "/home/hermes01/projects/VoxCPM/venv/lib/python3.11/site-packages/discord/client.py", line 728, in connect
    self.ws = await asyncio.wait_for(coro, timeout=60.0)
              ^^^^^^^^^^^^^^^^^^^^^^^^^^^^^^^^^^^^^^^^^^
  File "/home/hermes01/.local/share/uv/python/cpython-3.11.15-linux-x86_64-gnu/lib/python3.11/asyncio/tasks.py", line 489, in wait_for
    return fut.result()
           ^^^^^^^^^^^^
  File "/home/hermes01/projects/VoxCPM/venv/lib/python3.11/site-packages/discord/gateway.py", line 392, in from_client
    socket = await client.http.ws_connect(str(url))
             ^^^^^^^^^^^^^^^^^^^^^^^^^^^^^^^^^^^^^^
  File "/home/hermes01/projects/VoxCPM/venv/lib/python3.11/site-packages/discord/http.py", line 571, in ws_connect
    return await self.__session.ws_connect(url, **kwargs)
           ^^^^^^^^^^^^^^^^^^^^^^^^^^^^^^^^^^^^^^^^^^^^^^
  File "/home/hermes01/projects/VoxCPM/venv/lib/python3.11/site-packages/aiohttp/client.py", line 1087, in _ws_connect
    resp = await self.request(
           ^^^^^^^^^^^^^^^^^^^
  File "/home/hermes01/projects/VoxCPM/venv/lib/python3.11/site-packages/aiohttp/client.py", line 788, in _request
    resp = await handler(req)
           ^^^^^^^^^^^^^^^^^^
  File "/home/hermes01/projects/VoxCPM/venv/lib/python3.11/site-packages/aiohttp/client.py", line 742, in _connect_and_send_request
    conn = await self._connector.connect(
           ^^^^^^^^^^^^^^^^^^^^^^^^^^^^^^
  File "/home/hermes01/projects/VoxCPM/venv/lib/python3.11/site-packages/aiohttp/connector.py", line 672, in connect
    proto = await self._create_connection(req, traces, timeout)
            ^^^^^^^^^^^^^^^^^^^^^^^^^^^^^^^^^^^^^^^^^^^^^^^^^^^
  File "/home/hermes01/projects/VoxCPM/venv/lib/python3.11/site-packages/aiohttp/connector.py", line 1251, in _create_connection
    _, proto = await self._create_direct_connection(req, traces, timeout)
               ^^^^^^^^^^^^^^^^^^^^^^^^^^^^^^^^^^^^^^^^^^^^^^^^^^^^^^^^^^
  File "/home/hermes01/projects/VoxCPM/venv/lib/python3.11/site-packages/aiohttp/connector.py", line 1580, in _create_direct_connection
    raise ClientConnectorDNSError(req.connection_key, exc) from exc
aiohttp.client_exceptions.ClientConnectorDNSError: Cannot connect to host gateway-us-east1-b.discord.gg:443 ssl:default [Name or service not known]
2026-05-05 12:00:30,722 [ERROR] discord.client: Attempting a reconnect in 0.49s
Traceback (most recent call last):
  File "/home/hermes01/projects/VoxCPM/venv/lib/python3.11/site-packages/aiohttp/connector.py", line 1574, in _create_direct_connection
    hosts = await self._resolve_host(host, port, traces=traces)
            ^^^^^^^^^^^^^^^^^^^^^^^^^^^^^^^^^^^^^^^^^^^^^^^^^^^
  File "/home/hermes01/projects/VoxCPM/venv/lib/python3.11/site-packages/aiohttp/connector.py", line 1190, in _resolve_host
    return await asyncio.shield(resolved_host_task)
           ^^^^^^^^^^^^^^^^^^^^^^^^^^^^^^^^^^^^^^^^
  File "/home/hermes01/projects/VoxCPM/venv/lib/python3.11/site-packages/aiohttp/connector.py", line 1221, in _resolve_host_with_throttle
    addrs = await self._resolver.resolve(host, port, family=self._family)
            ^^^^^^^^^^^^^^^^^^^^^^^^^^^^^^^^^^^^^^^^^^^^^^^^^^^^^^^^^^^^^
  File "/home/hermes01/projects/VoxCPM/venv/lib/python3.11/site-packages/aiohttp/resolver.py", line 40, in resolve
    infos = await self._loop.getaddrinfo(
            ^^^^^^^^^^^^^^^^^^^^^^^^^^^^^
  File "/home/hermes01/.local/share/uv/python/cpython-3.11.15-linux-x86_64-gnu/lib/python3.11/asyncio/base_events.py", line 868, in getaddrinfo
    return await self.run_in_executor(
           ^^^^^^^^^^^^^^^^^^^^^^^^^^^
  File "/home/hermes01/.local/share/uv/python/cpython-3.11.15-linux-x86_64-gnu/lib/python3.11/concurrent/futures/thread.py", line 58, in run
    result = self.fn(*self.args, **self.kwargs)
             ^^^^^^^^^^^^^^^^^^^^^^^^^^^^^^^^^^
  File "/home/hermes01/.local/share/uv/python/cpython-3.11.15-linux-x86_64-gnu/lib/python3.11/socket.py", line 974, in getaddrinfo
    for res in _socket.getaddrinfo(host, port, family, type, proto, flags):
               ^^^^^^^^^^^^^^^^^^^^^^^^^^^^^^^^^^^^^^^^^^^^^^^^^^^^^^^^^^^
socket.gaierror: [Errno -2] Name or service not known

The above exception was the direct cause of the following exception:

Traceback (most recent call last):
  File "/home/hermes01/projects/VoxCPM/venv/lib/python3.11/site-packages/discord/client.py", line 728, in connect
    self.ws = await asyncio.wait_for(coro, timeout=60.0)
              ^^^^^^^^^^^^^^^^^^^^^^^^^^^^^^^^^^^^^^^^^^
  File "/home/hermes01/.local/share/uv/python/cpython-3.11.15-linux-x86_64-gnu/lib/python3.11/asyncio/tasks.py", line 489, in wait_for
    return fut.result()
           ^^^^^^^^^^^^
  File "/home/hermes01/projects/VoxCPM/venv/lib/python3.11/site-packages/discord/gateway.py", line 392, in from_client
    socket = await client.http.ws_connect(str(url))
             ^^^^^^^^^^^^^^^^^^^^^^^^^^^^^^^^^^^^^^
  File "/home/hermes01/projects/VoxCPM/venv/lib/python3.11/site-packages/discord/http.py", line 571, in ws_connect
    return await self.__session.ws_connect(url, **kwargs)
           ^^^^^^^^^^^^^^^^^^^^^^^^^^^^^^^^^^^^^^^^^^^^^^
  File "/home/hermes01/projects/VoxCPM/venv/lib/python3.11/site-packages/aiohttp/client.py", line 1087, in _ws_connect
    resp = await self.request(
           ^^^^^^^^^^^^^^^^^^^
  File "/home/hermes01/projects/VoxCPM/venv/lib/python3.11/site-packages/aiohttp/client.py", line 788, in _request
    resp = await handler(req)
           ^^^^^^^^^^^^^^^^^^
  File "/home/hermes01/projects/VoxCPM/venv/lib/python3.11/site-packages/aiohttp/client.py", line 742, in _connect_and_send_request
    conn = await self._connector.connect(
           ^^^^^^^^^^^^^^^^^^^^^^^^^^^^^^
  File "/home/hermes01/projects/VoxCPM/venv/lib/python3.11/site-packages/aiohttp/connector.py", line 672, in connect
    proto = await self._create_connection(req, traces, timeout)
            ^^^^^^^^^^^^^^^^^^^^^^^^^^^^^^^^^^^^^^^^^^^^^^^^^^^
  File "/home/hermes01/projects/VoxCPM/venv/lib/python3.11/site-packages/aiohttp/connector.py", line 1251, in _create_connection
    _, proto = await self._create_direct_connection(req, traces, timeout)
               ^^^^^^^^^^^^^^^^^^^^^^^^^^^^^^^^^^^^^^^^^^^^^^^^^^^^^^^^^^
  File "/home/hermes01/projects/VoxCPM/venv/lib/python3.11/site-packages/aiohttp/connector.py", line 1580, in _create_direct_connection
    raise ClientConnectorDNSError(req.connection_key, exc) from exc
aiohttp.client_exceptions.ClientConnectorDNSError: Cannot connect to host gateway-us-east1-b.discord.gg:443 ssl:default [Name or service not known]
[2026-05-05 12:00:46] [ERROR   ] discord.client: Attempting a reconnect in 4.00s
Traceback (most recent call last):
  File "/home/hermes01/projects/VoxCPM/venv/lib/python3.11/site-packages/aiohttp/connector.py", line 1574, in _create_direct_connection
    hosts = await self._resolve_host(host, port, traces=traces)
            ^^^^^^^^^^^^^^^^^^^^^^^^^^^^^^^^^^^^^^^^^^^^^^^^^^^
  File "/home/hermes01/projects/VoxCPM/venv/lib/python3.11/site-packages/aiohttp/connector.py", line 1190, in _resolve_host
    return await asyncio.shield(resolved_host_task)
           ^^^^^^^^^^^^^^^^^^^^^^^^^^^^^^^^^^^^^^^^
  File "/home/hermes01/projects/VoxCPM/venv/lib/python3.11/site-packages/aiohttp/connector.py", line 1221, in _resolve_host_with_throttle
    addrs = await self._resolver.resolve(host, port, family=self._family)
            ^^^^^^^^^^^^^^^^^^^^^^^^^^^^^^^^^^^^^^^^^^^^^^^^^^^^^^^^^^^^^
  File "/home/hermes01/projects/VoxCPM/venv/lib/python3.11/site-packages/aiohttp/resolver.py", line 40, in resolve
    infos = await self._loop.getaddrinfo(
            ^^^^^^^^^^^^^^^^^^^^^^^^^^^^^
  File "/home/hermes01/.local/share/uv/python/cpython-3.11.15-linux-x86_64-gnu/lib/python3.11/asyncio/base_events.py", line 868, in getaddrinfo
    return await self.run_in_executor(
           ^^^^^^^^^^^^^^^^^^^^^^^^^^^
  File "/home/hermes01/.local/share/uv/python/cpython-3.11.15-linux-x86_64-gnu/lib/python3.11/concurrent/futures/thread.py", line 58, in run
    result = self.fn(*self.args, **self.kwargs)
             ^^^^^^^^^^^^^^^^^^^^^^^^^^^^^^^^^^
  File "/home/hermes01/.local/share/uv/python/cpython-3.11.15-linux-x86_64-gnu/lib/python3.11/socket.py", line 974, in getaddrinfo
    for res in _socket.getaddrinfo(host, port, family, type, proto, flags):
               ^^^^^^^^^^^^^^^^^^^^^^^^^^^^^^^^^^^^^^^^^^^^^^^^^^^^^^^^^^^
socket.gaierror: [Errno -2] Name or service not known

The above exception was the direct cause of the following exception:

Traceback (most recent call last):
  File "/home/hermes01/projects/VoxCPM/venv/lib/python3.11/site-packages/discord/client.py", line 728, in connect
    self.ws = await asyncio.wait_for(coro, timeout=60.0)
              ^^^^^^^^^^^^^^^^^^^^^^^^^^^^^^^^^^^^^^^^^^
  File "/home/hermes01/.local/share/uv/python/cpython-3.11.15-linux-x86_64-gnu/lib/python3.11/asyncio/tasks.py", line 489, in wait_for
    return fut.result()
           ^^^^^^^^^^^^
  File "/home/hermes01/projects/VoxCPM/venv/lib/python3.11/site-packages/discord/gateway.py", line 392, in from_client
    socket = await client.http.ws_connect(str(url))
             ^^^^^^^^^^^^^^^^^^^^^^^^^^^^^^^^^^^^^^
  File "/home/hermes01/projects/VoxCPM/venv/lib/python3.11/site-packages/discord/http.py", line 571, in ws_connect
    return await self.__session.ws_connect(url, **kwargs)
           ^^^^^^^^^^^^^^^^^^^^^^^^^^^^^^^^^^^^^^^^^^^^^^
  File "/home/hermes01/projects/VoxCPM/venv/lib/python3.11/site-packages/aiohttp/client.py", line 1087, in _ws_connect
    resp = await self.request(
           ^^^^^^^^^^^^^^^^^^^
  File "/home/hermes01/projects/VoxCPM/venv/lib/python3.11/site-packages/aiohttp/client.py", line 788, in _request
    resp = await handler(req)
           ^^^^^^^^^^^^^^^^^^
  File "/home/hermes01/projects/VoxCPM/venv/lib/python3.11/site-packages/aiohttp/client.py", line 742, in _connect_and_send_request
    conn = await self._connector.connect(
           ^^^^^^^^^^^^^^^^^^^^^^^^^^^^^^
  File "/home/hermes01/projects/VoxCPM/venv/lib/python3.11/site-packages/aiohttp/connector.py", line 672, in connect
    proto = await self._create_connection(req, traces, timeout)
            ^^^^^^^^^^^^^^^^^^^^^^^^^^^^^^^^^^^^^^^^^^^^^^^^^^^
  File "/home/hermes01/projects/VoxCPM/venv/lib/python3.11/site-packages/aiohttp/connector.py", line 1251, in _create_connection
    _, proto = await self._create_direct_connection(req, traces, timeout)
               ^^^^^^^^^^^^^^^^^^^^^^^^^^^^^^^^^^^^^^^^^^^^^^^^^^^^^^^^^^
  File "/home/hermes01/projects/VoxCPM/venv/lib/python3.11/site-packages/aiohttp/connector.py", line 1580, in _create_direct_connection
    raise ClientConnectorDNSError(req.connection_key, exc) from exc
aiohttp.client_exceptions.ClientConnectorDNSError: Cannot connect to host gateway-us-east1-b.discord.gg:443 ssl:default [Name or service not known]
2026-05-05 12:00:46,226 [ERROR] discord.client: Attempting a reconnect in 4.00s
Traceback (most recent call last):
  File "/home/hermes01/projects/VoxCPM/venv/lib/python3.11/site-packages/aiohttp/connector.py", line 1574, in _create_direct_connection
    hosts = await self._resolve_host(host, port, traces=traces)
            ^^^^^^^^^^^^^^^^^^^^^^^^^^^^^^^^^^^^^^^^^^^^^^^^^^^
  File "/home/hermes01/projects/VoxCPM/venv/lib/python3.11/site-packages/aiohttp/connector.py", line 1190, in _resolve_host
    return await asyncio.shield(resolved_host_task)
           ^^^^^^^^^^^^^^^^^^^^^^^^^^^^^^^^^^^^^^^^
  File "/home/hermes01/projects/VoxCPM/venv/lib/python3.11/site-packages/aiohttp/connector.py", line 1221, in _resolve_host_with_throttle
    addrs = await self._resolver.resolve(host, port, family=self._family)
            ^^^^^^^^^^^^^^^^^^^^^^^^^^^^^^^^^^^^^^^^^^^^^^^^^^^^^^^^^^^^^
  File "/home/hermes01/projects/VoxCPM/venv/lib/python3.11/site-packages/aiohttp/resolver.py", line 40, in resolve
    infos = await self._loop.getaddrinfo(
            ^^^^^^^^^^^^^^^^^^^^^^^^^^^^^
  File "/home/hermes01/.local/share/uv/python/cpython-3.11.15-linux-x86_64-gnu/lib/python3.11/asyncio/base_events.py", line 868, in getaddrinfo
    return await self.run_in_executor(
           ^^^^^^^^^^^^^^^^^^^^^^^^^^^
  File "/home/hermes01/.local/share/uv/python/cpython-3.11.15-linux-x86_64-gnu/lib/python3.11/concurrent/futures/thread.py", line 58, in run
    result = self.fn(*self.args, **self.kwargs)
             ^^^^^^^^^^^^^^^^^^^^^^^^^^^^^^^^^^
  File "/home/hermes01/.local/share/uv/python/cpython-3.11.15-linux-x86_64-gnu/lib/python3.11/socket.py", line 974, in getaddrinfo
    for res in _socket.getaddrinfo(host, port, family, type, proto, flags):
               ^^^^^^^^^^^^^^^^^^^^^^^^^^^^^^^^^^^^^^^^^^^^^^^^^^^^^^^^^^^
socket.gaierror: [Errno -2] Name or service not known

The above exception was the direct cause of the following exception:

Traceback (most recent call last):
  File "/home/hermes01/projects/VoxCPM/venv/lib/python3.11/site-packages/discord/client.py", line 728, in connect
    self.ws = await asyncio.wait_for(coro, timeout=60.0)
              ^^^^^^^^^^^^^^^^^^^^^^^^^^^^^^^^^^^^^^^^^^
  File "/home/hermes01/.local/share/uv/python/cpython-3.11.15-linux-x86_64-gnu/lib/python3.11/asyncio/tasks.py", line 489, in wait_for
    return fut.result()
           ^^^^^^^^^^^^
  File "/home/hermes01/projects/VoxCPM/venv/lib/python3.11/site-packages/discord/gateway.py", line 392, in from_client
    socket = await client.http.ws_connect(str(url))
             ^^^^^^^^^^^^^^^^^^^^^^^^^^^^^^^^^^^^^^
  File "/home/hermes01/projects/VoxCPM/venv/lib/python3.11/site-packages/discord/http.py", line 571, in ws_connect
    return await self.__session.ws_connect(url, **kwargs)
           ^^^^^^^^^^^^^^^^^^^^^^^^^^^^^^^^^^^^^^^^^^^^^^
  File "/home/hermes01/projects/VoxCPM/venv/lib/python3.11/site-packages/aiohttp/client.py", line 1087, in _ws_connect
    resp = await self.request(
           ^^^^^^^^^^^^^^^^^^^
  File "/home/hermes01/projects/VoxCPM/venv/lib/python3.11/site-packages/aiohttp/client.py", line 788, in _request
    resp = await handler(req)
           ^^^^^^^^^^^^^^^^^^
  File "/home/hermes01/projects/VoxCPM/venv/lib/python3.11/site-packages/aiohttp/client.py", line 742, in _connect_and_send_request
    conn = await self._connector.connect(
           ^^^^^^^^^^^^^^^^^^^^^^^^^^^^^^
  File "/home/hermes01/projects/VoxCPM/venv/lib/python3.11/site-packages/aiohttp/connector.py", line 672, in connect
    proto = await self._create_connection(req, traces, timeout)
            ^^^^^^^^^^^^^^^^^^^^^^^^^^^^^^^^^^^^^^^^^^^^^^^^^^^
  File "/home/hermes01/projects/VoxCPM/venv/lib/python3.11/site-packages/aiohttp/connector.py", line 1251, in _create_connection
    _, proto = await self._create_direct_connection(req, traces, timeout)
               ^^^^^^^^^^^^^^^^^^^^^^^^^^^^^^^^^^^^^^^^^^^^^^^^^^^^^^^^^^
  File "/home/hermes01/projects/VoxCPM/venv/lib/python3.11/site-packages/aiohttp/connector.py", line 1580, in _create_direct_connection
    raise ClientConnectorDNSError(req.connection_key, exc) from exc
aiohttp.client_exceptions.ClientConnectorDNSError: Cannot connect to host gateway-us-east1-b.discord.gg:443 ssl:default [Name or service not known]
[2026-05-05 12:01:00] [ERROR   ] discord.client: Attempting a reconnect in 5.15s
Traceback (most recent call last):
  File "/home/hermes01/projects/VoxCPM/venv/lib/python3.11/site-packages/aiohttp/connector.py", line 1574, in _create_direct_connection
    hosts = await self._resolve_host(host, port, traces=traces)
            ^^^^^^^^^^^^^^^^^^^^^^^^^^^^^^^^^^^^^^^^^^^^^^^^^^^
  File "/home/hermes01/projects/VoxCPM/venv/lib/python3.11/site-packages/aiohttp/connector.py", line 1190, in _resolve_host
    return await asyncio.shield(resolved_host_task)
           ^^^^^^^^^^^^^^^^^^^^^^^^^^^^^^^^^^^^^^^^
  File "/home/hermes01/projects/VoxCPM/venv/lib/python3.11/site-packages/aiohttp/connector.py", line 1221, in _resolve_host_with_throttle
    addrs = await self._resolver.resolve(host, port, family=self._family)
            ^^^^^^^^^^^^^^^^^^^^^^^^^^^^^^^^^^^^^^^^^^^^^^^^^^^^^^^^^^^^^
  File "/home/hermes01/projects/VoxCPM/venv/lib/python3.11/site-packages/aiohttp/resolver.py", line 40, in resolve
    infos = await self._loop.getaddrinfo(
            ^^^^^^^^^^^^^^^^^^^^^^^^^^^^^
  File "/home/hermes01/.local/share/uv/python/cpython-3.11.15-linux-x86_64-gnu/lib/python3.11/asyncio/base_events.py", line 868, in getaddrinfo
    return await self.run_in_executor(
           ^^^^^^^^^^^^^^^^^^^^^^^^^^^
  File "/home/hermes01/.local/share/uv/python/cpython-3.11.15-linux-x86_64-gnu/lib/python3.11/concurrent/futures/thread.py", line 58, in run
    result = self.fn(*self.args, **self.kwargs)
             ^^^^^^^^^^^^^^^^^^^^^^^^^^^^^^^^^^
  File "/home/hermes01/.local/share/uv/python/cpython-3.11.15-linux-x86_64-gnu/lib/python3.11/socket.py", line 974, in getaddrinfo
    for res in _socket.getaddrinfo(host, port, family, type, proto, flags):
               ^^^^^^^^^^^^^^^^^^^^^^^^^^^^^^^^^^^^^^^^^^^^^^^^^^^^^^^^^^^
socket.gaierror: [Errno -2] Name or service not known

The above exception was the direct cause of the following exception:

Traceback (most recent call last):
  File "/home/hermes01/projects/VoxCPM/venv/lib/python3.11/site-packages/discord/client.py", line 728, in connect
    self.ws = await asyncio.wait_for(coro, timeout=60.0)
              ^^^^^^^^^^^^^^^^^^^^^^^^^^^^^^^^^^^^^^^^^^
  File "/home/hermes01/.local/share/uv/python/cpython-3.11.15-linux-x86_64-gnu/lib/python3.11/asyncio/tasks.py", line 489, in wait_for
    return fut.result()
           ^^^^^^^^^^^^
  File "/home/hermes01/projects/VoxCPM/venv/lib/python3.11/site-packages/discord/gateway.py", line 392, in from_client
    socket = await client.http.ws_connect(str(url))
             ^^^^^^^^^^^^^^^^^^^^^^^^^^^^^^^^^^^^^^
  File "/home/hermes01/projects/VoxCPM/venv/lib/python3.11/site-packages/discord/http.py", line 571, in ws_connect
    return await self.__session.ws_connect(url, **kwargs)
           ^^^^^^^^^^^^^^^^^^^^^^^^^^^^^^^^^^^^^^^^^^^^^^
  File "/home/hermes01/projects/VoxCPM/venv/lib/python3.11/site-packages/aiohttp/client.py", line 1087, in _ws_connect
    resp = await self.request(
           ^^^^^^^^^^^^^^^^^^^
  File "/home/hermes01/projects/VoxCPM/venv/lib/python3.11/site-packages/aiohttp/client.py", line 788, in _request
    resp = await handler(req)
           ^^^^^^^^^^^^^^^^^^
  File "/home/hermes01/projects/VoxCPM/venv/lib/python3.11/site-packages/aiohttp/client.py", line 742, in _connect_and_send_request
    conn = await self._connector.connect(
           ^^^^^^^^^^^^^^^^^^^^^^^^^^^^^^
  File "/home/hermes01/projects/VoxCPM/venv/lib/python3.11/site-packages/aiohttp/connector.py", line 672, in connect
    proto = await self._create_connection(req, traces, timeout)
            ^^^^^^^^^^^^^^^^^^^^^^^^^^^^^^^^^^^^^^^^^^^^^^^^^^^
  File "/home/hermes01/projects/VoxCPM/venv/lib/python3.11/site-packages/aiohttp/connector.py", line 1251, in _create_connection
    _, proto = await self._create_direct_connection(req, traces, timeout)
               ^^^^^^^^^^^^^^^^^^^^^^^^^^^^^^^^^^^^^^^^^^^^^^^^^^^^^^^^^^
  File "/home/hermes01/projects/VoxCPM/venv/lib/python3.11/site-packages/aiohttp/connector.py", line 1580, in _create_direct_connection
    raise ClientConnectorDNSError(req.connection_key, exc) from exc
aiohttp.client_exceptions.ClientConnectorDNSError: Cannot connect to host gateway-us-east1-b.discord.gg:443 ssl:default [Name or service not known]
2026-05-05 12:01:00,243 [ERROR] discord.client: Attempting a reconnect in 5.15s
Traceback (most recent call last):
  File "/home/hermes01/projects/VoxCPM/venv/lib/python3.11/site-packages/aiohttp/connector.py", line 1574, in _create_direct_connection
    hosts = await self._resolve_host(host, port, traces=traces)
            ^^^^^^^^^^^^^^^^^^^^^^^^^^^^^^^^^^^^^^^^^^^^^^^^^^^
  File "/home/hermes01/projects/VoxCPM/venv/lib/python3.11/site-packages/aiohttp/connector.py", line 1190, in _resolve_host
    return await asyncio.shield(resolved_host_task)
           ^^^^^^^^^^^^^^^^^^^^^^^^^^^^^^^^^^^^^^^^
  File "/home/hermes01/projects/VoxCPM/venv/lib/python3.11/site-packages/aiohttp/connector.py", line 1221, in _resolve_host_with_throttle
    addrs = await self._resolver.resolve(host, port, family=self._family)
            ^^^^^^^^^^^^^^^^^^^^^^^^^^^^^^^^^^^^^^^^^^^^^^^^^^^^^^^^^^^^^
  File "/home/hermes01/projects/VoxCPM/venv/lib/python3.11/site-packages/aiohttp/resolver.py", line 40, in resolve
    infos = await self._loop.getaddrinfo(
            ^^^^^^^^^^^^^^^^^^^^^^^^^^^^^
  File "/home/hermes01/.local/share/uv/python/cpython-3.11.15-linux-x86_64-gnu/lib/python3.11/asyncio/base_events.py", line 868, in getaddrinfo
    return await self.run_in_executor(
           ^^^^^^^^^^^^^^^^^^^^^^^^^^^
  File "/home/hermes01/.local/share/uv/python/cpython-3.11.15-linux-x86_64-gnu/lib/python3.11/concurrent/futures/thread.py", line 58, in run
    result = self.fn(*self.args, **self.kwargs)
             ^^^^^^^^^^^^^^^^^^^^^^^^^^^^^^^^^^
  File "/home/hermes01/.local/share/uv/python/cpython-3.11.15-linux-x86_64-gnu/lib/python3.11/socket.py", line 974, in getaddrinfo
    for res in _socket.getaddrinfo(host, port, family, type, proto, flags):
               ^^^^^^^^^^^^^^^^^^^^^^^^^^^^^^^^^^^^^^^^^^^^^^^^^^^^^^^^^^^
socket.gaierror: [Errno -2] Name or service not known

The above exception was the direct cause of the following exception:

Traceback (most recent call last):
  File "/home/hermes01/projects/VoxCPM/venv/lib/python3.11/site-packages/discord/client.py", line 728, in connect
    self.ws = await asyncio.wait_for(coro, timeout=60.0)
              ^^^^^^^^^^^^^^^^^^^^^^^^^^^^^^^^^^^^^^^^^^
  File "/home/hermes01/.local/share/uv/python/cpython-3.11.15-linux-x86_64-gnu/lib/python3.11/asyncio/tasks.py", line 489, in wait_for
    return fut.result()
           ^^^^^^^^^^^^
  File "/home/hermes01/projects/VoxCPM/venv/lib/python3.11/site-packages/discord/gateway.py", line 392, in from_client
    socket = await client.http.ws_connect(str(url))
             ^^^^^^^^^^^^^^^^^^^^^^^^^^^^^^^^^^^^^^
  File "/home/hermes01/projects/VoxCPM/venv/lib/python3.11/site-packages/discord/http.py", line 571, in ws_connect
    return await self.__session.ws_connect(url, **kwargs)
           ^^^^^^^^^^^^^^^^^^^^^^^^^^^^^^^^^^^^^^^^^^^^^^
  File "/home/hermes01/projects/VoxCPM/venv/lib/python3.11/site-packages/aiohttp/client.py", line 1087, in _ws_connect
    resp = await self.request(
           ^^^^^^^^^^^^^^^^^^^
  File "/home/hermes01/projects/VoxCPM/venv/lib/python3.11/site-packages/aiohttp/client.py", line 788, in _request
    resp = await handler(req)
           ^^^^^^^^^^^^^^^^^^
  File "/home/hermes01/projects/VoxCPM/venv/lib/python3.11/site-packages/aiohttp/client.py", line 742, in _connect_and_send_request
    conn = await self._connector.connect(
           ^^^^^^^^^^^^^^^^^^^^^^^^^^^^^^
  File "/home/hermes01/projects/VoxCPM/venv/lib/python3.11/site-packages/aiohttp/connector.py", line 672, in connect
    proto = await self._create_connection(req, traces, timeout)
            ^^^^^^^^^^^^^^^^^^^^^^^^^^^^^^^^^^^^^^^^^^^^^^^^^^^
  File "/home/hermes01/projects/VoxCPM/venv/lib/python3.11/site-packages/aiohttp/connector.py", line 1251, in _create_connection
    _, proto = await self._create_direct_connection(req, traces, timeout)
               ^^^^^^^^^^^^^^^^^^^^^^^^^^^^^^^^^^^^^^^^^^^^^^^^^^^^^^^^^^
  File "/home/hermes01/projects/VoxCPM/venv/lib/python3.11/site-packages/aiohttp/connector.py", line 1580, in _create_direct_connection
    raise ClientConnectorDNSError(req.connection_key, exc) from exc
aiohttp.client_exceptions.ClientConnectorDNSError: Cannot connect to host gateway-us-east1-b.discord.gg:443 ssl:default [Name or service not known]
[2026-05-05 12:01:15] [ERROR   ] discord.client: Attempting a reconnect in 2.20s
Traceback (most recent call last):
  File "/home/hermes01/projects/VoxCPM/venv/lib/python3.11/site-packages/aiohttp/connector.py", line 1574, in _create_direct_connection
    hosts = await self._resolve_host(host, port, traces=traces)
            ^^^^^^^^^^^^^^^^^^^^^^^^^^^^^^^^^^^^^^^^^^^^^^^^^^^
  File "/home/hermes01/projects/VoxCPM/venv/lib/python3.11/site-packages/aiohttp/connector.py", line 1190, in _resolve_host
    return await asyncio.shield(resolved_host_task)
           ^^^^^^^^^^^^^^^^^^^^^^^^^^^^^^^^^^^^^^^^
  File "/home/hermes01/projects/VoxCPM/venv/lib/python3.11/site-packages/aiohttp/connector.py", line 1221, in _resolve_host_with_throttle
    addrs = await self._resolver.resolve(host, port, family=self._family)
            ^^^^^^^^^^^^^^^^^^^^^^^^^^^^^^^^^^^^^^^^^^^^^^^^^^^^^^^^^^^^^
  File "/home/hermes01/projects/VoxCPM/venv/lib/python3.11/site-packages/aiohttp/resolver.py", line 40, in resolve
    infos = await self._loop.getaddrinfo(
            ^^^^^^^^^^^^^^^^^^^^^^^^^^^^^
  File "/home/hermes01/.local/share/uv/python/cpython-3.11.15-linux-x86_64-gnu/lib/python3.11/asyncio/base_events.py", line 868, in getaddrinfo
    return await self.run_in_executor(
           ^^^^^^^^^^^^^^^^^^^^^^^^^^^
  File "/home/hermes01/.local/share/uv/python/cpython-3.11.15-linux-x86_64-gnu/lib/python3.11/concurrent/futures/thread.py", line 58, in run
    result = self.fn(*self.args, **self.kwargs)
             ^^^^^^^^^^^^^^^^^^^^^^^^^^^^^^^^^^
  File "/home/hermes01/.local/share/uv/python/cpython-3.11.15-linux-x86_64-gnu/lib/python3.11/socket.py", line 974, in getaddrinfo
    for res in _socket.getaddrinfo(host, port, family, type, proto, flags):
               ^^^^^^^^^^^^^^^^^^^^^^^^^^^^^^^^^^^^^^^^^^^^^^^^^^^^^^^^^^^
socket.gaierror: [Errno -2] Name or service not known

The above exception was the direct cause of the following exception:

Traceback (most recent call last):
  File "/home/hermes01/projects/VoxCPM/venv/lib/python3.11/site-packages/discord/client.py", line 728, in connect
    self.ws = await asyncio.wait_for(coro, timeout=60.0)
              ^^^^^^^^^^^^^^^^^^^^^^^^^^^^^^^^^^^^^^^^^^
  File "/home/hermes01/.local/share/uv/python/cpython-3.11.15-linux-x86_64-gnu/lib/python3.11/asyncio/tasks.py", line 489, in wait_for
    return fut.result()
           ^^^^^^^^^^^^
  File "/home/hermes01/projects/VoxCPM/venv/lib/python3.11/site-packages/discord/gateway.py", line 392, in from_client
    socket = await client.http.ws_connect(str(url))
             ^^^^^^^^^^^^^^^^^^^^^^^^^^^^^^^^^^^^^^
  File "/home/hermes01/projects/VoxCPM/venv/lib/python3.11/site-packages/discord/http.py", line 571, in ws_connect
    return await self.__session.ws_connect(url, **kwargs)
           ^^^^^^^^^^^^^^^^^^^^^^^^^^^^^^^^^^^^^^^^^^^^^^
  File "/home/hermes01/projects/VoxCPM/venv/lib/python3.11/site-packages/aiohttp/client.py", line 1087, in _ws_connect
    resp = await self.request(
           ^^^^^^^^^^^^^^^^^^^
  File "/home/hermes01/projects/VoxCPM/venv/lib/python3.11/site-packages/aiohttp/client.py", line 788, in _request
    resp = await handler(req)
           ^^^^^^^^^^^^^^^^^^
  File "/home/hermes01/projects/VoxCPM/venv/lib/python3.11/site-packages/aiohttp/client.py", line 742, in _connect_and_send_request
    conn = await self._connector.connect(
           ^^^^^^^^^^^^^^^^^^^^^^^^^^^^^^
  File "/home/hermes01/projects/VoxCPM/venv/lib/python3.11/site-packages/aiohttp/connector.py", line 672, in connect
    proto = await self._create_connection(req, traces, timeout)
            ^^^^^^^^^^^^^^^^^^^^^^^^^^^^^^^^^^^^^^^^^^^^^^^^^^^
  File "/home/hermes01/projects/VoxCPM/venv/lib/python3.11/site-packages/aiohttp/connector.py", line 1251, in _create_connection
    _, proto = await self._create_direct_connection(req, traces, timeout)
               ^^^^^^^^^^^^^^^^^^^^^^^^^^^^^^^^^^^^^^^^^^^^^^^^^^^^^^^^^^
  File "/home/hermes01/projects/VoxCPM/venv/lib/python3.11/site-packages/aiohttp/connector.py", line 1580, in _create_direct_connection
    raise ClientConnectorDNSError(req.connection_key, exc) from exc
aiohttp.client_exceptions.ClientConnectorDNSError: Cannot connect to host gateway-us-east1-b.discord.gg:443 ssl:default [Name or service not known]
2026-05-05 12:01:15,408 [ERROR] discord.client: Attempting a reconnect in 2.20s
Traceback (most recent call last):
  File "/home/hermes01/projects/VoxCPM/venv/lib/python3.11/site-packages/aiohttp/connector.py", line 1574, in _create_direct_connection
    hosts = await self._resolve_host(host, port, traces=traces)
            ^^^^^^^^^^^^^^^^^^^^^^^^^^^^^^^^^^^^^^^^^^^^^^^^^^^
  File "/home/hermes01/projects/VoxCPM/venv/lib/python3.11/site-packages/aiohttp/connector.py", line 1190, in _resolve_host
    return await asyncio.shield(resolved_host_task)
           ^^^^^^^^^^^^^^^^^^^^^^^^^^^^^^^^^^^^^^^^
  File "/home/hermes01/projects/VoxCPM/venv/lib/python3.11/site-packages/aiohttp/connector.py", line 1221, in _resolve_host_with_throttle
    addrs = await self._resolver.resolve(host, port, family=self._family)
            ^^^^^^^^^^^^^^^^^^^^^^^^^^^^^^^^^^^^^^^^^^^^^^^^^^^^^^^^^^^^^
  File "/home/hermes01/projects/VoxCPM/venv/lib/python3.11/site-packages/aiohttp/resolver.py", line 40, in resolve
    infos = await self._loop.getaddrinfo(
            ^^^^^^^^^^^^^^^^^^^^^^^^^^^^^
  File "/home/hermes01/.local/share/uv/python/cpython-3.11.15-linux-x86_64-gnu/lib/python3.11/asyncio/base_events.py", line 868, in getaddrinfo
    return await self.run_in_executor(
           ^^^^^^^^^^^^^^^^^^^^^^^^^^^
  File "/home/hermes01/.local/share/uv/python/cpython-3.11.15-linux-x86_64-gnu/lib/python3.11/concurrent/futures/thread.py", line 58, in run
    result = self.fn(*self.args, **self.kwargs)
             ^^^^^^^^^^^^^^^^^^^^^^^^^^^^^^^^^^
  File "/home/hermes01/.local/share/uv/python/cpython-3.11.15-linux-x86_64-gnu/lib/python3.11/socket.py", line 974, in getaddrinfo
    for res in _socket.getaddrinfo(host, port, family, type, proto, flags):
               ^^^^^^^^^^^^^^^^^^^^^^^^^^^^^^^^^^^^^^^^^^^^^^^^^^^^^^^^^^^
socket.gaierror: [Errno -2] Name or service not known

The above exception was the direct cause of the following exception:

Traceback (most recent call last):
  File "/home/hermes01/projects/VoxCPM/venv/lib/python3.11/site-packages/discord/client.py", line 728, in connect
    self.ws = await asyncio.wait_for(coro, timeout=60.0)
              ^^^^^^^^^^^^^^^^^^^^^^^^^^^^^^^^^^^^^^^^^^
  File "/home/hermes01/.local/share/uv/python/cpython-3.11.15-linux-x86_64-gnu/lib/python3.11/asyncio/tasks.py", line 489, in wait_for
    return fut.result()
           ^^^^^^^^^^^^
  File "/home/hermes01/projects/VoxCPM/venv/lib/python3.11/site-packages/discord/gateway.py", line 392, in from_client
    socket = await client.http.ws_connect(str(url))
             ^^^^^^^^^^^^^^^^^^^^^^^^^^^^^^^^^^^^^^
  File "/home/hermes01/projects/VoxCPM/venv/lib/python3.11/site-packages/discord/http.py", line 571, in ws_connect
    return await self.__session.ws_connect(url, **kwargs)
           ^^^^^^^^^^^^^^^^^^^^^^^^^^^^^^^^^^^^^^^^^^^^^^
  File "/home/hermes01/projects/VoxCPM/venv/lib/python3.11/site-packages/aiohttp/client.py", line 1087, in _ws_connect
    resp = await self.request(
           ^^^^^^^^^^^^^^^^^^^
  File "/home/hermes01/projects/VoxCPM/venv/lib/python3.11/site-packages/aiohttp/client.py", line 788, in _request
    resp = await handler(req)
           ^^^^^^^^^^^^^^^^^^
  File "/home/hermes01/projects/VoxCPM/venv/lib/python3.11/site-packages/aiohttp/client.py", line 742, in _connect_and_send_request
    conn = await self._connector.connect(
           ^^^^^^^^^^^^^^^^^^^^^^^^^^^^^^
  File "/home/hermes01/projects/VoxCPM/venv/lib/python3.11/site-packages/aiohttp/connector.py", line 672, in connect
    proto = await self._create_connection(req, traces, timeout)
            ^^^^^^^^^^^^^^^^^^^^^^^^^^^^^^^^^^^^^^^^^^^^^^^^^^^
  File "/home/hermes01/projects/VoxCPM/venv/lib/python3.11/site-packages/aiohttp/connector.py", line 1251, in _create_connection
    _, proto = await self._create_direct_connection(req, traces, timeout)
               ^^^^^^^^^^^^^^^^^^^^^^^^^^^^^^^^^^^^^^^^^^^^^^^^^^^^^^^^^^
  File "/home/hermes01/projects/VoxCPM/venv/lib/python3.11/site-packages/aiohttp/connector.py", line 1580, in _create_direct_connection
    raise ClientConnectorDNSError(req.connection_key, exc) from exc
aiohttp.client_exceptions.ClientConnectorDNSError: Cannot connect to host gateway-us-east1-b.discord.gg:443 ssl:default [Name or service not known]
[2026-05-05 12:01:27] [ERROR   ] discord.client: Attempting a reconnect in 31.97s
Traceback (most recent call last):
  File "/home/hermes01/projects/VoxCPM/venv/lib/python3.11/site-packages/aiohttp/connector.py", line 1574, in _create_direct_connection
    hosts = await self._resolve_host(host, port, traces=traces)
            ^^^^^^^^^^^^^^^^^^^^^^^^^^^^^^^^^^^^^^^^^^^^^^^^^^^
  File "/home/hermes01/projects/VoxCPM/venv/lib/python3.11/site-packages/aiohttp/connector.py", line 1190, in _resolve_host
    return await asyncio.shield(resolved_host_task)
           ^^^^^^^^^^^^^^^^^^^^^^^^^^^^^^^^^^^^^^^^
  File "/home/hermes01/projects/VoxCPM/venv/lib/python3.11/site-packages/aiohttp/connector.py", line 1221, in _resolve_host_with_throttle
    addrs = await self._resolver.resolve(host, port, family=self._family)
            ^^^^^^^^^^^^^^^^^^^^^^^^^^^^^^^^^^^^^^^^^^^^^^^^^^^^^^^^^^^^^
  File "/home/hermes01/projects/VoxCPM/venv/lib/python3.11/site-packages/aiohttp/resolver.py", line 40, in resolve
    infos = await self._loop.getaddrinfo(
            ^^^^^^^^^^^^^^^^^^^^^^^^^^^^^
  File "/home/hermes01/.local/share/uv/python/cpython-3.11.15-linux-x86_64-gnu/lib/python3.11/asyncio/base_events.py", line 868, in getaddrinfo
    return await self.run_in_executor(
           ^^^^^^^^^^^^^^^^^^^^^^^^^^^
  File "/home/hermes01/.local/share/uv/python/cpython-3.11.15-linux-x86_64-gnu/lib/python3.11/concurrent/futures/thread.py", line 58, in run
    result = self.fn(*self.args, **self.kwargs)
             ^^^^^^^^^^^^^^^^^^^^^^^^^^^^^^^^^^
  File "/home/hermes01/.local/share/uv/python/cpython-3.11.15-linux-x86_64-gnu/lib/python3.11/socket.py", line 974, in getaddrinfo
    for res in _socket.getaddrinfo(host, port, family, type, proto, flags):
               ^^^^^^^^^^^^^^^^^^^^^^^^^^^^^^^^^^^^^^^^^^^^^^^^^^^^^^^^^^^
socket.gaierror: [Errno -2] Name or service not known

The above exception was the direct cause of the following exception:

Traceback (most recent call last):
  File "/home/hermes01/projects/VoxCPM/venv/lib/python3.11/site-packages/discord/client.py", line 728, in connect
    self.ws = await asyncio.wait_for(coro, timeout=60.0)
              ^^^^^^^^^^^^^^^^^^^^^^^^^^^^^^^^^^^^^^^^^^
  File "/home/hermes01/.local/share/uv/python/cpython-3.11.15-linux-x86_64-gnu/lib/python3.11/asyncio/tasks.py", line 489, in wait_for
    return fut.result()
           ^^^^^^^^^^^^
  File "/home/hermes01/projects/VoxCPM/venv/lib/python3.11/site-packages/discord/gateway.py", line 392, in from_client
    socket = await client.http.ws_connect(str(url))
             ^^^^^^^^^^^^^^^^^^^^^^^^^^^^^^^^^^^^^^
  File "/home/hermes01/projects/VoxCPM/venv/lib/python3.11/site-packages/discord/http.py", line 571, in ws_connect
    return await self.__session.ws_connect(url, **kwargs)
           ^^^^^^^^^^^^^^^^^^^^^^^^^^^^^^^^^^^^^^^^^^^^^^
  File "/home/hermes01/projects/VoxCPM/venv/lib/python3.11/site-packages/aiohttp/client.py", line 1087, in _ws_connect
    resp = await self.request(
           ^^^^^^^^^^^^^^^^^^^
  File "/home/hermes01/projects/VoxCPM/venv/lib/python3.11/site-packages/aiohttp/client.py", line 788, in _request
    resp = await handler(req)
           ^^^^^^^^^^^^^^^^^^
  File "/home/hermes01/projects/VoxCPM/venv/lib/python3.11/site-packages/aiohttp/client.py", line 742, in _connect_and_send_request
    conn = await self._connector.connect(
           ^^^^^^^^^^^^^^^^^^^^^^^^^^^^^^
  File "/home/hermes01/projects/VoxCPM/venv/lib/python3.11/site-packages/aiohttp/connector.py", line 672, in connect
    proto = await self._create_connection(req, traces, timeout)
            ^^^^^^^^^^^^^^^^^^^^^^^^^^^^^^^^^^^^^^^^^^^^^^^^^^^
  File "/home/hermes01/projects/VoxCPM/venv/lib/python3.11/site-packages/aiohttp/connector.py", line 1251, in _create_connection
    _, proto = await self._create_direct_connection(req, traces, timeout)
               ^^^^^^^^^^^^^^^^^^^^^^^^^^^^^^^^^^^^^^^^^^^^^^^^^^^^^^^^^^
  File "/home/hermes01/projects/VoxCPM/venv/lib/python3.11/site-packages/aiohttp/connector.py", line 1580, in _create_direct_connection
    raise ClientConnectorDNSError(req.connection_key, exc) from exc
aiohttp.client_exceptions.ClientConnectorDNSError: Cannot connect to host gateway-us-east1-b.discord.gg:443 ssl:default [Name or service not known]
2026-05-05 12:01:27,619 [ERROR] discord.client: Attempting a reconnect in 31.97s
Traceback (most recent call last):
  File "/home/hermes01/projects/VoxCPM/venv/lib/python3.11/site-packages/aiohttp/connector.py", line 1574, in _create_direct_connection
    hosts = await self._resolve_host(host, port, traces=traces)
            ^^^^^^^^^^^^^^^^^^^^^^^^^^^^^^^^^^^^^^^^^^^^^^^^^^^
  File "/home/hermes01/projects/VoxCPM/venv/lib/python3.11/site-packages/aiohttp/connector.py", line 1190, in _resolve_host
    return await asyncio.shield(resolved_host_task)
           ^^^^^^^^^^^^^^^^^^^^^^^^^^^^^^^^^^^^^^^^
  File "/home/hermes01/projects/VoxCPM/venv/lib/python3.11/site-packages/aiohttp/connector.py", line 1221, in _resolve_host_with_throttle
    addrs = await self._resolver.resolve(host, port, family=self._family)
            ^^^^^^^^^^^^^^^^^^^^^^^^^^^^^^^^^^^^^^^^^^^^^^^^^^^^^^^^^^^^^
  File "/home/hermes01/projects/VoxCPM/venv/lib/python3.11/site-packages/aiohttp/resolver.py", line 40, in resolve
    infos = await self._loop.getaddrinfo(
            ^^^^^^^^^^^^^^^^^^^^^^^^^^^^^
  File "/home/hermes01/.local/share/uv/python/cpython-3.11.15-linux-x86_64-gnu/lib/python3.11/asyncio/base_events.py", line 868, in getaddrinfo
    return await self.run_in_executor(
           ^^^^^^^^^^^^^^^^^^^^^^^^^^^
  File "/home/hermes01/.local/share/uv/python/cpython-3.11.15-linux-x86_64-gnu/lib/python3.11/concurrent/futures/thread.py", line 58, in run
    result = self.fn(*self.args, **self.kwargs)
             ^^^^^^^^^^^^^^^^^^^^^^^^^^^^^^^^^^
  File "/home/hermes01/.local/share/uv/python/cpython-3.11.15-linux-x86_64-gnu/lib/python3.11/socket.py", line 974, in getaddrinfo
    for res in _socket.getaddrinfo(host, port, family, type, proto, flags):
               ^^^^^^^^^^^^^^^^^^^^^^^^^^^^^^^^^^^^^^^^^^^^^^^^^^^^^^^^^^^
socket.gaierror: [Errno -2] Name or service not known

The above exception was the direct cause of the following exception:

Traceback (most recent call last):
  File "/home/hermes01/projects/VoxCPM/venv/lib/python3.11/site-packages/discord/client.py", line 728, in connect
    self.ws = await asyncio.wait_for(coro, timeout=60.0)
              ^^^^^^^^^^^^^^^^^^^^^^^^^^^^^^^^^^^^^^^^^^
  File "/home/hermes01/.local/share/uv/python/cpython-3.11.15-linux-x86_64-gnu/lib/python3.11/asyncio/tasks.py", line 489, in wait_for
    return fut.result()
           ^^^^^^^^^^^^
  File "/home/hermes01/projects/VoxCPM/venv/lib/python3.11/site-packages/discord/gateway.py", line 392, in from_client
    socket = await client.http.ws_connect(str(url))
             ^^^^^^^^^^^^^^^^^^^^^^^^^^^^^^^^^^^^^^
  File "/home/hermes01/projects/VoxCPM/venv/lib/python3.11/site-packages/discord/http.py", line 571, in ws_connect
    return await self.__session.ws_connect(url, **kwargs)
           ^^^^^^^^^^^^^^^^^^^^^^^^^^^^^^^^^^^^^^^^^^^^^^
  File "/home/hermes01/projects/VoxCPM/venv/lib/python3.11/site-packages/aiohttp/client.py", line 1087, in _ws_connect
    resp = await self.request(
           ^^^^^^^^^^^^^^^^^^^
  File "/home/hermes01/projects/VoxCPM/venv/lib/python3.11/site-packages/aiohttp/client.py", line 788, in _request
    resp = await handler(req)
           ^^^^^^^^^^^^^^^^^^
  File "/home/hermes01/projects/VoxCPM/venv/lib/python3.11/site-packages/aiohttp/client.py", line 742, in _connect_and_send_request
    conn = await self._connector.connect(
           ^^^^^^^^^^^^^^^^^^^^^^^^^^^^^^
  File "/home/hermes01/projects/VoxCPM/venv/lib/python3.11/site-packages/aiohttp/connector.py", line 672, in connect
    proto = await self._create_connection(req, traces, timeout)
            ^^^^^^^^^^^^^^^^^^^^^^^^^^^^^^^^^^^^^^^^^^^^^^^^^^^
  File "/home/hermes01/projects/VoxCPM/venv/lib/python3.11/site-packages/aiohttp/connector.py", line 1251, in _create_connection
    _, proto = await self._create_direct_connection(req, traces, timeout)
               ^^^^^^^^^^^^^^^^^^^^^^^^^^^^^^^^^^^^^^^^^^^^^^^^^^^^^^^^^^
  File "/home/hermes01/projects/VoxCPM/venv/lib/python3.11/site-packages/aiohttp/connector.py", line 1580, in _create_direct_connection
    raise ClientConnectorDNSError(req.connection_key, exc) from exc
aiohttp.client_exceptions.ClientConnectorDNSError: Cannot connect to host gateway-us-east1-b.discord.gg:443 ssl:default [Name or service not known]
[2026-05-05 12:02:09] [ERROR   ] discord.client: Attempting a reconnect in 20.24s
Traceback (most recent call last):
  File "/home/hermes01/projects/VoxCPM/venv/lib/python3.11/site-packages/aiohttp/connector.py", line 1574, in _create_direct_connection
    hosts = await self._resolve_host(host, port, traces=traces)
            ^^^^^^^^^^^^^^^^^^^^^^^^^^^^^^^^^^^^^^^^^^^^^^^^^^^
  File "/home/hermes01/projects/VoxCPM/venv/lib/python3.11/site-packages/aiohttp/connector.py", line 1190, in _resolve_host
    return await asyncio.shield(resolved_host_task)
           ^^^^^^^^^^^^^^^^^^^^^^^^^^^^^^^^^^^^^^^^
  File "/home/hermes01/projects/VoxCPM/venv/lib/python3.11/site-packages/aiohttp/connector.py", line 1221, in _resolve_host_with_throttle
    addrs = await self._resolver.resolve(host, port, family=self._family)
            ^^^^^^^^^^^^^^^^^^^^^^^^^^^^^^^^^^^^^^^^^^^^^^^^^^^^^^^^^^^^^
  File "/home/hermes01/projects/VoxCPM/venv/lib/python3.11/site-packages/aiohttp/resolver.py", line 40, in resolve
    infos = await self._loop.getaddrinfo(
            ^^^^^^^^^^^^^^^^^^^^^^^^^^^^^
  File "/home/hermes01/.local/share/uv/python/cpython-3.11.15-linux-x86_64-gnu/lib/python3.11/asyncio/base_events.py", line 868, in getaddrinfo
    return await self.run_in_executor(
           ^^^^^^^^^^^^^^^^^^^^^^^^^^^
  File "/home/hermes01/.local/share/uv/python/cpython-3.11.15-linux-x86_64-gnu/lib/python3.11/concurrent/futures/thread.py", line 58, in run
    result = self.fn(*self.args, **self.kwargs)
             ^^^^^^^^^^^^^^^^^^^^^^^^^^^^^^^^^^
  File "/home/hermes01/.local/share/uv/python/cpython-3.11.15-linux-x86_64-gnu/lib/python3.11/socket.py", line 974, in getaddrinfo
    for res in _socket.getaddrinfo(host, port, family, type, proto, flags):
               ^^^^^^^^^^^^^^^^^^^^^^^^^^^^^^^^^^^^^^^^^^^^^^^^^^^^^^^^^^^
socket.gaierror: [Errno -2] Name or service not known

The above exception was the direct cause of the following exception:

Traceback (most recent call last):
  File "/home/hermes01/projects/VoxCPM/venv/lib/python3.11/site-packages/discord/client.py", line 728, in connect
    self.ws = await asyncio.wait_for(coro, timeout=60.0)
              ^^^^^^^^^^^^^^^^^^^^^^^^^^^^^^^^^^^^^^^^^^
  File "/home/hermes01/.local/share/uv/python/cpython-3.11.15-linux-x86_64-gnu/lib/python3.11/asyncio/tasks.py", line 489, in wait_for
    return fut.result()
           ^^^^^^^^^^^^
  File "/home/hermes01/projects/VoxCPM/venv/lib/python3.11/site-packages/discord/gateway.py", line 392, in from_client
    socket = await client.http.ws_connect(str(url))
             ^^^^^^^^^^^^^^^^^^^^^^^^^^^^^^^^^^^^^^
  File "/home/hermes01/projects/VoxCPM/venv/lib/python3.11/site-packages/discord/http.py", line 571, in ws_connect
    return await self.__session.ws_connect(url, **kwargs)
           ^^^^^^^^^^^^^^^^^^^^^^^^^^^^^^^^^^^^^^^^^^^^^^
  File "/home/hermes01/projects/VoxCPM/venv/lib/python3.11/site-packages/aiohttp/client.py", line 1087, in _ws_connect
    resp = await self.request(
           ^^^^^^^^^^^^^^^^^^^
  File "/home/hermes01/projects/VoxCPM/venv/lib/python3.11/site-packages/aiohttp/client.py", line 788, in _request
    resp = await handler(req)
           ^^^^^^^^^^^^^^^^^^
  File "/home/hermes01/projects/VoxCPM/venv/lib/python3.11/site-packages/aiohttp/client.py", line 742, in _connect_and_send_request
    conn = await self._connector.connect(
           ^^^^^^^^^^^^^^^^^^^^^^^^^^^^^^
  File "/home/hermes01/projects/VoxCPM/venv/lib/python3.11/site-packages/aiohttp/connector.py", line 672, in connect
    proto = await self._create_connection(req, traces, timeout)
            ^^^^^^^^^^^^^^^^^^^^^^^^^^^^^^^^^^^^^^^^^^^^^^^^^^^
  File "/home/hermes01/projects/VoxCPM/venv/lib/python3.11/site-packages/aiohttp/connector.py", line 1251, in _create_connection
    _, proto = await self._create_direct_connection(req, traces, timeout)
               ^^^^^^^^^^^^^^^^^^^^^^^^^^^^^^^^^^^^^^^^^^^^^^^^^^^^^^^^^^
  File "/home/hermes01/projects/VoxCPM/venv/lib/python3.11/site-packages/aiohttp/connector.py", line 1580, in _create_direct_connection
    raise ClientConnectorDNSError(req.connection_key, exc) from exc
aiohttp.client_exceptions.ClientConnectorDNSError: Cannot connect to host gateway-us-east1-b.discord.gg:443 ssl:default [Name or service not known]
2026-05-05 12:02:09,605 [ERROR] discord.client: Attempting a reconnect in 20.24s
Traceback (most recent call last):
  File "/home/hermes01/projects/VoxCPM/venv/lib/python3.11/site-packages/aiohttp/connector.py", line 1574, in _create_direct_connection
    hosts = await self._resolve_host(host, port, traces=traces)
            ^^^^^^^^^^^^^^^^^^^^^^^^^^^^^^^^^^^^^^^^^^^^^^^^^^^
  File "/home/hermes01/projects/VoxCPM/venv/lib/python3.11/site-packages/aiohttp/connector.py", line 1190, in _resolve_host
    return await asyncio.shield(resolved_host_task)
           ^^^^^^^^^^^^^^^^^^^^^^^^^^^^^^^^^^^^^^^^
  File "/home/hermes01/projects/VoxCPM/venv/lib/python3.11/site-packages/aiohttp/connector.py", line 1221, in _resolve_host_with_throttle
    addrs = await self._resolver.resolve(host, port, family=self._family)
            ^^^^^^^^^^^^^^^^^^^^^^^^^^^^^^^^^^^^^^^^^^^^^^^^^^^^^^^^^^^^^
  File "/home/hermes01/projects/VoxCPM/venv/lib/python3.11/site-packages/aiohttp/resolver.py", line 40, in resolve
    infos = await self._loop.getaddrinfo(
            ^^^^^^^^^^^^^^^^^^^^^^^^^^^^^
  File "/home/hermes01/.local/share/uv/python/cpython-3.11.15-linux-x86_64-gnu/lib/python3.11/asyncio/base_events.py", line 868, in getaddrinfo
    return await self.run_in_executor(
           ^^^^^^^^^^^^^^^^^^^^^^^^^^^
  File "/home/hermes01/.local/share/uv/python/cpython-3.11.15-linux-x86_64-gnu/lib/python3.11/concurrent/futures/thread.py", line 58, in run
    result = self.fn(*self.args, **self.kwargs)
             ^^^^^^^^^^^^^^^^^^^^^^^^^^^^^^^^^^
  File "/home/hermes01/.local/share/uv/python/cpython-3.11.15-linux-x86_64-gnu/lib/python3.11/socket.py", line 974, in getaddrinfo
    for res in _socket.getaddrinfo(host, port, family, type, proto, flags):
               ^^^^^^^^^^^^^^^^^^^^^^^^^^^^^^^^^^^^^^^^^^^^^^^^^^^^^^^^^^^
socket.gaierror: [Errno -2] Name or service not known

The above exception was the direct cause of the following exception:

Traceback (most recent call last):
  File "/home/hermes01/projects/VoxCPM/venv/lib/python3.11/site-packages/discord/client.py", line 728, in connect
    self.ws = await asyncio.wait_for(coro, timeout=60.0)
              ^^^^^^^^^^^^^^^^^^^^^^^^^^^^^^^^^^^^^^^^^^
  File "/home/hermes01/.local/share/uv/python/cpython-3.11.15-linux-x86_64-gnu/lib/python3.11/asyncio/tasks.py", line 489, in wait_for
    return fut.result()
           ^^^^^^^^^^^^
  File "/home/hermes01/projects/VoxCPM/venv/lib/python3.11/site-packages/discord/gateway.py", line 392, in from_client
    socket = await client.http.ws_connect(str(url))
             ^^^^^^^^^^^^^^^^^^^^^^^^^^^^^^^^^^^^^^
  File "/home/hermes01/projects/VoxCPM/venv/lib/python3.11/site-packages/discord/http.py", line 571, in ws_connect
    return await self.__session.ws_connect(url, **kwargs)
           ^^^^^^^^^^^^^^^^^^^^^^^^^^^^^^^^^^^^^^^^^^^^^^
  File "/home/hermes01/projects/VoxCPM/venv/lib/python3.11/site-packages/aiohttp/client.py", line 1087, in _ws_connect
    resp = await self.request(
           ^^^^^^^^^^^^^^^^^^^
  File "/home/hermes01/projects/VoxCPM/venv/lib/python3.11/site-packages/aiohttp/client.py", line 788, in _request
    resp = await handler(req)
           ^^^^^^^^^^^^^^^^^^
  File "/home/hermes01/projects/VoxCPM/venv/lib/python3.11/site-packages/aiohttp/client.py", line 742, in _connect_and_send_request
    conn = await self._connector.connect(
           ^^^^^^^^^^^^^^^^^^^^^^^^^^^^^^
  File "/home/hermes01/projects/VoxCPM/venv/lib/python3.11/site-packages/aiohttp/connector.py", line 672, in connect
    proto = await self._create_connection(req, traces, timeout)
            ^^^^^^^^^^^^^^^^^^^^^^^^^^^^^^^^^^^^^^^^^^^^^^^^^^^
  File "/home/hermes01/projects/VoxCPM/venv/lib/python3.11/site-packages/aiohttp/connector.py", line 1251, in _create_connection
    _, proto = await self._create_direct_connection(req, traces, timeout)
               ^^^^^^^^^^^^^^^^^^^^^^^^^^^^^^^^^^^^^^^^^^^^^^^^^^^^^^^^^^
  File "/home/hermes01/projects/VoxCPM/venv/lib/python3.11/site-packages/aiohttp/connector.py", line 1580, in _create_direct_connection
    raise ClientConnectorDNSError(req.connection_key, exc) from exc
aiohttp.client_exceptions.ClientConnectorDNSError: Cannot connect to host gateway-us-east1-b.discord.gg:443 ssl:default [Name or service not known]
[2026-05-05 12:02:30] [INFO    ] discord.gateway: Shard ID None session has been invalidated.
2026-05-05 12:02:30,262 [INFO] discord.gateway: Shard ID None session has been invalidated.
[2026-05-05 12:02:36] [INFO    ] discord.gateway: Shard ID None has connected to Gateway (Session ID: a70eec6e6555f7876377dfd8680fcc2f).
2026-05-05 12:02:36,239 [INFO] discord.gateway: Shard ID None has connected to Gateway (Session ID: a70eec6e6555f7876377dfd8680fcc2f).
✅ 王朝語音 Bot 已上線：崴勝王朝語音Bot#7480
   輸出模式：auto
   VRAM 策略：按需載入（預設 IndexTTS2）
   當前引擎：indextts
   Slash 指令已同步：3
[2026-05-05 12:02:38] [ERROR   ] discord.client: Ignoring exception in on_ready
Traceback (most recent call last):
  File "/home/hermes01/projects/VoxCPM/venv/lib/python3.11/site-packages/discord/client.py", line 508, in _run_event
    await coro(*args, **kwargs)
  File "/home/hermes01/projects/VoxCPM/scripts/wangdom/discord_voice_bot.py", line 1790, in on_ready
    await _start_api_server()
  File "/home/hermes01/projects/VoxCPM/scripts/wangdom/discord_voice_bot.py", line 3437, in _start_api_server
    await site.start()
  File "/home/hermes01/projects/VoxCPM/venv/lib/python3.11/site-packages/aiohttp/web_runner.py", line 121, in start
    self._server = await loop.create_server(
                   ^^^^^^^^^^^^^^^^^^^^^^^^^
  File "/home/hermes01/.local/share/uv/python/cpython-3.11.15-linux-x86_64-gnu/lib/python3.11/asyncio/base_events.py", line 1536, in create_server
    raise OSError(err.errno, msg) from None
OSError: [Errno 98] error while attempting to bind on address ('127.0.0.1', 8890): address already in use
2026-05-05 12:02:38,782 [ERROR] discord.client: Ignoring exception in on_ready
Traceback (most recent call last):
  File "/home/hermes01/projects/VoxCPM/venv/lib/python3.11/site-packages/discord/client.py", line 508, in _run_event
    await coro(*args, **kwargs)
  File "/home/hermes01/projects/VoxCPM/scripts/wangdom/discord_voice_bot.py", line 1790, in on_ready
    await _start_api_server()
  File "/home/hermes01/projects/VoxCPM/scripts/wangdom/discord_voice_bot.py", line 3437, in _start_api_server
    await site.start()
  File "/home/hermes01/projects/VoxCPM/venv/lib/python3.11/site-packages/aiohttp/web_runner.py", line 121, in start
    self._server = await loop.create_server(
                   ^^^^^^^^^^^^^^^^^^^^^^^^^
  File "/home/hermes01/.local/share/uv/python/cpython-3.11.15-linux-x86_64-gnu/lib/python3.11/asyncio/base_events.py", line 1536, in create_server
    raise OSError(err.errno, msg) from None
OSError: [Errno 98] error while attempting to bind on address ('127.0.0.1', 8890): address already in use
[2026-05-05 15:10:22] [INFO    ] discord.gateway: Shard ID None has successfully RESUMED session a70eec6e6555f7876377dfd8680fcc2f.
2026-05-05 15:10:22,484 [INFO] discord.gateway: Shard ID None has successfully RESUMED session a70eec6e6555f7876377dfd8680fcc2f.
🚀 鼎勝王朝語音 Bot 啟動中...
📦 雙引擎模式：IndexTTS2（預設）/ VoxCPM2 / Edge TTS
💡 模型按需載入，啟動時零 VRAM
[2026-05-06 16:29:33] [INFO    ] discord.client: logging in using static token
2026-05-06 16:29:33,499 [INFO] discord.client: logging in using static token
[2026-05-06 16:29:35] [INFO    ] discord.gateway: Shard ID None has connected to Gateway (Session ID: 7e9551a4996ff1b37a2bfe0809e7ebb2).
2026-05-06 16:29:35,196 [INFO] discord.gateway: Shard ID None has connected to Gateway (Session ID: 7e9551a4996ff1b37a2bfe0809e7ebb2).
✅ 王朝語音 Bot 已上線：崴勝王朝語音Bot#7480
   輸出模式：auto
   VRAM 策略：按需載入（預設 IndexTTS2）
   當前引擎：indextts
   Slash 指令已同步：3
   ⏰ morning scheduler background task 已建立
⏰ Morning scheduler 已啟動
   🔌 內部 API 已啟動：http://127.0.0.1:8890
[indextts2] Docker 已停止
[voxcpm2] 啟動 VoxCPM2 server…
[voxcpm2] ✅ VoxCPM2 server 已就緒
[engine] 引擎切換：voxcpm
2026-05-06 16:46:42,747 [INFO] director_parser: 分批解析：6 個場景
2026-05-06 16:46:42,747 [INFO] director_parser: [並行] 同時處理 6 個場景
2026-05-06 16:46:42,747 [INFO] director_parser:   場景 1/6：「開場：冬日之陽」（514 字）
2026-05-06 16:46:42,748 [INFO] director_parser:   場景 2/6：「第一幕：啞臣治獄」（323 字）
2026-05-06 16:46:42,748 [INFO] director_parser:   場景 3/6：「晉國朝堂」（379 字）
2026-05-06 16:46:42,748 [INFO] director_parser:   場景 4/6：「第二幕：今古映照」（494 字）
2026-05-06 16:46:42,749 [INFO] director_parser:   場景 5/6：「第三幕：御史點評」（392 字）
2026-05-06 16:46:42,749 [INFO] director_parser:   場景 6/6：「尾聲」（206 字）
2026-05-06 16:48:10,635 [INFO] httpx: HTTP Request: POST https://api.z.ai/api/coding/paas/v4/chat/completions "HTTP/1.1 200 OK"
2026-05-06 16:48:10,640 [INFO] director_parser:   場景 6 完成：1 段
2026-05-06 16:48:46,060 [INFO] httpx: HTTP Request: POST https://api.z.ai/api/coding/paas/v4/chat/completions "HTTP/1.1 200 OK"
2026-05-06 16:48:46,061 [INFO] director_parser:   場景 1 完成：2 段
2026-05-06 16:48:47,141 [INFO] httpx: HTTP Request: POST https://api.z.ai/api/coding/paas/v4/chat/completions "HTTP/1.1 200 OK"
2026-05-06 16:48:47,141 [INFO] director_parser:   場景 2 完成：5 段
2026-05-06 16:49:13,132 [INFO] httpx: HTTP Request: POST https://api.z.ai/api/coding/paas/v4/chat/completions "HTTP/1.1 200 OK"
2026-05-06 16:49:13,132 [INFO] director_parser:   場景 5 完成：1 段
2026-05-06 16:49:25,583 [INFO] httpx: HTTP Request: POST https://api.z.ai/api/coding/paas/v4/chat/completions "HTTP/1.1 200 OK"
2026-05-06 16:49:25,584 [INFO] director_parser:   場景 3 完成：6 段
2026-05-06 16:50:09,577 [INFO] httpx: HTTP Request: POST https://api.z.ai/api/coding/paas/v4/chat/completions "HTTP/1.1 200 OK"
2026-05-06 16:50:09,578 [INFO] director_parser:   場景 4 完成：7 段
2026-05-06 16:50:09,578 [INFO] director_parser: [並行] 完成 6/6，失敗 0
2026-05-06 16:50:09,579 [WARNING] director_parser: [校稿] ⚠️ 無法匹配 speaker：左右侍從（seg 4）
2026-05-06 16:50:09,579 [WARNING] director_parser: [校稿] ⚠️ 無法匹配 speaker：晉侯（seg 9）
2026-05-06 16:50:09,579 [WARNING] director_parser: [校稿] ⚠️ 無法匹配 speaker：師曠（seg 10）
2026-05-06 16:50:09,579 [WARNING] director_parser: [校稿] ⚠️ 無法匹配 speaker：晉侯（seg 11）
2026-05-06 16:50:09,579 [WARNING] director_parser: [校稿] ⚠️ 無法匹配 speaker：師曠（seg 12）
2026-05-06 16:50:09,579 [INFO] director_parser: [校稿] 原始劇本音場標記：['none', 'hall', 'none', 'none', 'none', 'studio']
2026-05-06 16:50:09,579 [INFO] director_parser: [校稿] JSON 音場設定：{1: 'none', 2: 'hall', 3: 'none', 4: 'none', 5: 'none', 6: 'studio'}
2026-05-06 16:50:09,579 [WARNING] director_parser: [校稿] ⚠️ 可能有 1 段台詞未收入 segments：['📜 魏徵']
2026-05-06 16:50:09,579 [INFO] director_parser: 分批解析完成：22 段 / 6 場景
2026-05-06 16:50:09,579 [WARNING] director_parser: 快取寫入失敗：Object of type date is not JSON serializable
[drama-cache] miss: no cache dir or manifest for e09dc61cbbde
[drama] ⚠️ 未定義角色將 fallback 至 待詔·唐伯虎: 左右侍從, 師曠, 晉侯
[drama] >>> synth start seg 1/22 禮部·紀曉嵐 (voice=禮部·紀曉嵐)
[drama] <<< synth done seg 1 29.4s fallback=
[drama] 1/22 禮部·紀曉嵐 | alloc=0.0 reserved=0.0 nvidia=7111 MB | seg_dur=20.64s cursor=21.6s
[drama] >>> synth start seg 2/22 御史·魏徵 (voice=御史·魏徵)
[drama] <<< synth done seg 2 14.4s fallback=
[drama] 2/22 御史·魏徵 | alloc=0.0 reserved=0.0 nvidia=7407 MB | seg_dur=25.12s cursor=47.3s
[drama] >>> synth start seg 3/22 禮部·紀曉嵐 (voice=禮部·紀曉嵐)
[drama] <<< synth done seg 3 7.4s fallback=
[drama] 3/22 禮部·紀曉嵐 | alloc=0.0 reserved=0.0 nvidia=7411 MB | seg_dur=12.64s cursor=60.9s
[drama] fallback voice: 左右侍從 -> 待詔·唐伯虎 (seg 4/22)
[drama] >>> synth start seg 4/22 左右侍從 (voice=待詔·唐伯虎)
[drama] <<< synth done seg 4 2.4s fallback=
[drama] 4/22 左右侍從 | alloc=0.0 reserved=0.0 nvidia=7411 MB | seg_dur=4.16s cursor=65.6s
[drama] >>> synth start seg 5/22 禮部·紀曉嵐 (voice=禮部·紀曉嵐)
[drama] <<< synth done seg 5 9.8s fallback=
[drama] 5/22 禮部·紀曉嵐 | alloc=0.0 reserved=0.0 nvidia=7413 MB | seg_dur=17.12s cursor=83.7s
[drama] >>> synth start seg 6/22 禮部·紀曉嵐 (voice=禮部·紀曉嵐)
[drama] <<< synth done seg 6 2.7s fallback=
[drama] 6/22 禮部·紀曉嵐 | alloc=0.0 reserved=0.0 nvidia=7413 MB | seg_dur=4.48s cursor=89.2s
[drama] >>> synth start seg 7/22 禮部·紀曉嵐 (voice=禮部·紀曉嵐)
[drama] <<< synth done seg 7 7.4s fallback=
[drama] 7/22 禮部·紀曉嵐 | alloc=0.0 reserved=0.0 nvidia=7413 MB | seg_dur=12.80s cursor=103.0s
[drama] >>> synth start seg 8/22 禮部·紀曉嵐 (voice=禮部·紀曉嵐)
[drama] <<< synth done seg 8 6.2s fallback=
[drama] 8/22 禮部·紀曉嵐 | alloc=0.0 reserved=0.0 nvidia=7413 MB | seg_dur=10.72s cursor=114.7s
[drama] fallback voice: 晉侯 -> 待詔·唐伯虎 (seg 9/22)
[drama] >>> synth start seg 9/22 晉侯 (voice=待詔·唐伯虎)
[drama] <<< synth done seg 9 2.9s fallback=
[drama] 9/22 晉侯 | alloc=0.0 reserved=0.0 nvidia=7413 MB | seg_dur=4.96s cursor=120.1s
[drama] fallback voice: 師曠 -> 待詔·唐伯虎 (seg 10/22)
[drama] >>> synth start seg 10/22 師曠 (voice=待詔·唐伯虎)
[drama] <<< synth done seg 10 8.5s fallback=
[drama] 10/22 師曠 | alloc=0.0 reserved=0.0 nvidia=7415 MB | seg_dur=14.88s cursor=135.5s
[drama] fallback voice: 晉侯 -> 待詔·唐伯虎 (seg 11/22)
[drama] >>> synth start seg 11/22 晉侯 (voice=待詔·唐伯虎)
[drama] <<< synth done seg 11 1.5s fallback=
[drama] 11/22 晉侯 | alloc=0.0 reserved=0.0 nvidia=7415 MB | seg_dur=2.56s cursor=138.6s
[drama] fallback voice: 師曠 -> 待詔·唐伯虎 (seg 12/22)
[drama] >>> synth start seg 12/22 師曠 (voice=待詔·唐伯虎)
[drama] <<< synth done seg 12 2.6s fallback=
[drama] 12/22 師曠 | alloc=0.0 reserved=0.0 nvidia=7415 MB | seg_dur=4.32s cursor=143.4s
[drama] >>> synth start seg 13/22 禮部·紀曉嵐 (voice=禮部·紀曉嵐)
[drama] <<< synth done seg 13 6.6s fallback=
[drama] 13/22 禮部·紀曉嵐 | alloc=0.0 reserved=0.0 nvidia=7415 MB | seg_dur=11.36s cursor=155.8s
[drama] >>> synth start seg 14/22 待詔·唐伯虎 (voice=待詔·唐伯虎)
[drama] <<< synth done seg 14 1.8s fallback=
[drama] 14/22 待詔·唐伯虎 | alloc=0.0 reserved=0.0 nvidia=7415 MB | seg_dur=3.04s cursor=159.3s
[drama] >>> synth start seg 15/22 待詔·唐伯虎 (voice=待詔·唐伯虎)
[drama] <<< synth done seg 15 9.3s fallback=
[drama] 15/22 待詔·唐伯虎 | alloc=0.0 reserved=0.0 nvidia=7415 MB | seg_dur=16.00s cursor=175.8s
[drama] >>> synth start seg 16/22 待詔·唐伯虎 (voice=待詔·唐伯虎)
[drama] <<< synth done seg 16 4.8s fallback=
[drama] 16/22 待詔·唐伯虎 | alloc=0.0 reserved=0.0 nvidia=7415 MB | seg_dur=8.16s cursor=184.5s
[drama] >>> synth start seg 17/22 待詔·唐伯虎 (voice=待詔·唐伯虎)
[drama] <<< synth done seg 17 10.3s fallback=
[drama] 17/22 待詔·唐伯虎 | alloc=0.0 reserved=0.0 nvidia=7415 MB | seg_dur=18.08s cursor=203.0s
[drama] >>> synth start seg 18/22 待詔·唐伯虎 (voice=待詔·唐伯虎)
[drama] <<< synth done seg 18 5.6s fallback=
[drama] 18/22 待詔·唐伯虎 | alloc=0.0 reserved=0.0 nvidia=7415 MB | seg_dur=9.76s cursor=213.3s
[drama] >>> synth start seg 19/22 待詔·唐伯虎 (voice=待詔·唐伯虎)
[drama] <<< synth done seg 19 4.0s fallback=
[drama] 19/22 待詔·唐伯虎 | alloc=0.0 reserved=0.0 nvidia=7415 MB | seg_dur=6.88s cursor=220.7s
[drama] >>> synth start seg 20/22 待詔·唐伯虎 (voice=待詔·唐伯虎)
[drama] <<< synth done seg 20 5.6s fallback=
[drama] 20/22 待詔·唐伯虎 | alloc=0.0 reserved=0.0 nvidia=7415 MB | seg_dur=8.96s cursor=230.1s
[drama] >>> synth start seg 21/22 御史·魏徵 (voice=御史·魏徵)
[drama] <<< synth done seg 21 30.4s fallback=
[drama] 21/22 御史·魏徵 | alloc=0.0 reserved=0.0 nvidia=9371 MB | seg_dur=51.68s cursor=282.3s
[drama] >>> synth start seg 22/22 待詔·唐伯虎 (voice=待詔·唐伯虎)
[drama] <<< synth done seg 22 7.8s fallback=
[drama] 22/22 待詔·唐伯虎 | alloc=0.0 reserved=0.0 nvidia=9371 MB | seg_dur=13.44s cursor=295.8s
[drama] checkpoint 已清理：/home/hermes01/projects/VoxCPM/test_output/voice_bot/checkpoint_1778057409852
[drama-cache] ✅ 快取已寫入 e09dc61cbbde（22 段）
[2026-05-06 16:53:13] [INFO    ] discord.voice_state: Connecting to voice...
2026-05-06 16:53:13,332 [INFO] discord.voice_state: Connecting to voice...
[2026-05-06 16:53:13] [INFO    ] discord.voice_state: Starting voice handshake... (connection attempt 1)
2026-05-06 16:53:13,332 [INFO] discord.voice_state: Starting voice handshake... (connection attempt 1)
[2026-05-06 16:53:13] [INFO    ] discord.voice_state: Voice handshake complete. Endpoint found: c-hkg10-61d50bc2.discord.media:2083
2026-05-06 16:53:13,756 [INFO] discord.voice_state: Voice handshake complete. Endpoint found: c-hkg10-61d50bc2.discord.media:2083
[2026-05-06 16:53:13] [INFO    ] discord.voice_state: Voice connection complete.
2026-05-06 16:53:13,957 [INFO] discord.voice_state: Voice connection complete.
[aist#0:0/pcm_s16le @ 0x64df1c841380] Guessed Channel Layout: mono
Multiple -ac options specified for stream 0, only the last option '-ac 2' will be used.
Multiple -ar options specified for stream 0, only the last option '-ar 48000' will be used.
[2026-05-06 16:58:09] [INFO    ] discord.player: ffmpeg process 258363 successfully terminated with return code of 0.
2026-05-06 16:58:09,741 [INFO] discord.player: ffmpeg process 258363 successfully terminated with return code of 0.
[engine] VoxCPM2 模型已卸載（HTTP），VRAM 已釋放
[voxcpm2] server 已停止
[indextts2] API 未回應，啟動 Docker…
[indextts2] API 健康，warmup 模型…
[indextts2] Warmup: warmed_up
[engine] 引擎切換：indextts
[drama-cache] ✅ 快取命中 e09dc61cbbde（22 段）
[drama-cache] 快取載入完成，duration=295.8s
[aist#0:0/pcm_s16le @ 0x61e9b3f30380] Guessed Channel Layout: mono
Multiple -ac options specified for stream 0, only the last option '-ac 2' will be used.
Multiple -ar options specified for stream 0, only the last option '-ar 48000' will be used.
[2026-05-06 17:06:12] [INFO    ] discord.player: ffmpeg process 259926 successfully terminated with return code of 0.
2026-05-06 17:06:12,801 [INFO] discord.player: ffmpeg process 259926 successfully terminated with return code of 0.
2026-05-06 17:06:54,684 [INFO] director_parser: 分批解析：6 個場景
2026-05-06 17:06:54,684 [INFO] director_parser: [並行] 同時處理 6 個場景
2026-05-06 17:06:54,684 [INFO] director_parser:   場景 1/6：「開場：冬日之陽」（514 字）
2026-05-06 17:06:54,685 [INFO] director_parser:   場景 2/6：「第一幕：啞臣治獄」（323 字）
2026-05-06 17:06:54,685 [INFO] director_parser:   場景 3/6：「晉國朝堂」（379 字）
2026-05-06 17:06:54,686 [INFO] director_parser:   場景 4/6：「第二幕：今古映照」（494 字）
2026-05-06 17:06:54,687 [INFO] director_parser:   場景 5/6：「第三幕：御史點評」（392 字）
2026-05-06 17:06:54,687 [INFO] director_parser:   場景 6/6：「尾聲」（206 字）
2026-05-06 17:08:08,059 [INFO] httpx: HTTP Request: POST https://api.z.ai/api/coding/paas/v4/chat/completions "HTTP/1.1 200 OK"
2026-05-06 17:08:08,063 [INFO] director_parser:   場景 4 完成：1 段
2026-05-06 17:08:19,122 [INFO] httpx: HTTP Request: POST https://api.z.ai/api/coding/paas/v4/chat/completions "HTTP/1.1 200 OK"
2026-05-06 17:08:19,123 [INFO] director_parser:   場景 2 完成：5 段
2026-05-06 17:08:19,507 [INFO] httpx: HTTP Request: POST https://api.z.ai/api/coding/paas/v4/chat/completions "HTTP/1.1 200 OK"
2026-05-06 17:08:19,507 [INFO] director_parser:   場景 6 完成：1 段
[mp3 @ 0x609b78366f80] Estimating duration from bitrate, this may be inaccurate
Multiple -ac options specified for stream 0, only the last option '-ac 2' will be used.
Multiple -ar options specified for stream 0, only the last option '-ar 48000' will be used.
[2026-05-06 17:08:26] [INFO    ] discord.player: ffmpeg process 261626 has not terminated. Waiting to terminate...
2026-05-06 17:08:26,290 [INFO] discord.player: ffmpeg process 261626 has not terminated. Waiting to terminate...
[2026-05-06 17:08:26] [INFO    ] discord.player: ffmpeg process 261626 should have terminated with a return code of -9.
2026-05-06 17:08:26,292 [INFO] discord.player: ffmpeg process 261626 should have terminated with a return code of -9.
[mp3 @ 0x59fb046b0f80] Estimating duration from bitrate, this may be inaccurate
Multiple -ac options specified for stream 0, only the last option '-ac 2' will be used.
Multiple -ar options specified for stream 0, only the last option '-ar 48000' will be used.
[2026-05-06 17:08:38] [INFO    ] discord.player: ffmpeg process 261714 has not terminated. Waiting to terminate...
2026-05-06 17:08:38,561 [INFO] discord.player: ffmpeg process 261714 has not terminated. Waiting to terminate...
[2026-05-06 17:08:38] [INFO    ] discord.player: ffmpeg process 261714 should have terminated with a return code of -9.
2026-05-06 17:08:38,564 [INFO] discord.player: ffmpeg process 261714 should have terminated with a return code of -9.
[mp3 @ 0x5d57bf987f80] Estimating duration from bitrate, this may be inaccurate
Multiple -ac options specified for stream 0, only the last option '-ac 2' will be used.
Multiple -ar options specified for stream 0, only the last option '-ar 48000' will be used.
[2026-05-06 17:08:44] [INFO    ] discord.player: ffmpeg process 261734 has not terminated. Waiting to terminate...
2026-05-06 17:08:44,215 [INFO] discord.player: ffmpeg process 261734 has not terminated. Waiting to terminate...
[2026-05-06 17:08:44] [INFO    ] discord.player: ffmpeg process 261734 should have terminated with a return code of -9.
2026-05-06 17:08:44,218 [INFO] discord.player: ffmpeg process 261734 should have terminated with a return code of -9.
2026-05-06 17:08:46,539 [INFO] httpx: HTTP Request: POST https://api.z.ai/api/coding/paas/v4/chat/completions "HTTP/1.1 200 OK"
2026-05-06 17:08:46,540 [INFO] director_parser:   場景 1 完成：2 段
[mp3 @ 0x5d364e41bf80] Estimating duration from bitrate, this may be inaccurate
Multiple -ac options specified for stream 0, only the last option '-ac 2' will be used.
Multiple -ar options specified for stream 0, only the last option '-ar 48000' will be used.
[2026-05-06 17:08:50] [INFO    ] discord.player: ffmpeg process 261754 has not terminated. Waiting to terminate...
2026-05-06 17:08:50,581 [INFO] discord.player: ffmpeg process 261754 has not terminated. Waiting to terminate...
[2026-05-06 17:08:50] [INFO    ] discord.player: ffmpeg process 261754 should have terminated with a return code of -9.
2026-05-06 17:08:50,584 [INFO] discord.player: ffmpeg process 261754 should have terminated with a return code of -9.
2026-05-06 17:08:52,753 [INFO] httpx: HTTP Request: POST https://api.z.ai/api/coding/paas/v4/chat/completions "HTTP/1.1 200 OK"
2026-05-06 17:08:52,754 [INFO] director_parser:   場景 5 完成：1 段
[mp3 @ 0x5f62cdaa8f80] Estimating duration from bitrate, this may be inaccurate
Multiple -ac options specified for stream 0, only the last option '-ac 2' will be used.
Multiple -ar options specified for stream 0, only the last option '-ar 48000' will be used.
✅ morning 已執行：2026-05-06 17:08
[2026-05-06 17:09:02] [INFO    ] discord.player: ffmpeg process 261852 successfully terminated with return code of 0.
2026-05-06 17:09:02,133 [INFO] discord.player: ffmpeg process 261852 successfully terminated with return code of 0.
2026-05-06 17:09:31,879 [INFO] httpx: HTTP Request: POST https://api.z.ai/api/coding/paas/v4/chat/completions "HTTP/1.1 200 OK"
2026-05-06 17:09:31,880 [INFO] director_parser:   場景 3 完成：7 段
2026-05-06 17:09:31,881 [INFO] director_parser: [並行] 完成 6/6，失敗 0
2026-05-06 17:09:31,881 [WARNING] director_parser: [校稿] ⚠️ 無法匹配 speaker：左右侍從（seg 4）
2026-05-06 17:09:31,881 [WARNING] director_parser: [校稿] ⚠️ 無法匹配 speaker：晉侯（seg 9）
2026-05-06 17:09:31,881 [WARNING] director_parser: [校稿] ⚠️ 無法匹配 speaker：師曠（seg 10）
2026-05-06 17:09:31,881 [WARNING] director_parser: [校稿] ⚠️ 無法匹配 speaker：晉侯（seg 11）
2026-05-06 17:09:31,881 [WARNING] director_parser: [校稿] ⚠️ 無法匹配 speaker：師曠（seg 12）
2026-05-06 17:09:31,881 [INFO] director_parser: [校稿] 原始劇本音場標記：['none', 'hall', 'none', 'none', 'none', 'studio']
2026-05-06 17:09:31,881 [INFO] director_parser: [校稿] JSON 音場設定：{1: 'none', 2: 'hall', 3: 'none', 4: 'none', 5: 'none', 6: 'studio'}
2026-05-06 17:09:31,881 [WARNING] director_parser: [校稿] ⚠️ 可能有 1 段台詞未收入 segments：['📜 魏徵']
2026-05-06 17:09:31,881 [INFO] director_parser: 分批解析完成：17 段 / 6 場景
2026-05-06 17:09:31,883 [WARNING] director_parser: 快取寫入失敗：Object of type date is not JSON serializable
[drama-cache] miss: no cache dir or manifest for 851ea14203d5
[drama] ⚠️ 未定義角色將 fallback 至 待詔·唐伯虎: 左右侍從, 師曠, 晉侯
[drama] >>> synth start seg 1/17 禮部·紀曉嵐 (voice=禮部·紀曉嵐)
[drama] <<< synth done seg 1 12.0s fallback=
[drama] 1/17 禮部·紀曉嵐 | alloc=0.0 reserved=0.0 nvidia=7663 MB | seg_dur=16.55s cursor=17.5s
[drama] >>> synth start seg 2/17 御史·魏徵 (voice=御史·魏徵)
[drama] <<< synth done seg 2 16.1s fallback=
[drama] 2/17 御史·魏徵 | alloc=0.0 reserved=0.0 nvidia=7971 MB | seg_dur=21.84s cursor=39.9s
[drama] >>> synth start seg 3/17 禮部·紀曉嵐 (voice=禮部·紀曉嵐)
[drama] <<< synth done seg 3 7.6s fallback=
[drama] 3/17 禮部·紀曉嵐 | alloc=0.0 reserved=0.0 nvidia=7519 MB | seg_dur=9.22s cursor=50.1s
[drama] fallback voice: 左右侍從 -> 待詔·唐伯虎 (seg 4/17)
[drama] >>> synth start seg 4/17 左右侍從 (voice=待詔·唐伯虎)
[drama] <<< synth done seg 4 4.8s fallback=
[drama] 4/17 左右侍從 | alloc=0.0 reserved=0.0 nvidia=7495 MB | seg_dur=4.73s cursor=55.3s
[drama] >>> synth start seg 5/17 禮部·紀曉嵐 (voice=禮部·紀曉嵐)
[drama] <<< synth done seg 5 9.4s fallback=
[drama] 5/17 禮部·紀曉嵐 | alloc=0.0 reserved=0.0 nvidia=7705 MB | seg_dur=12.51s cursor=68.8s
[drama] >>> synth start seg 6/17 禮部·紀曉嵐 (voice=禮部·紀曉嵐)
[drama] <<< synth done seg 6 4.0s fallback=
[drama] 6/17 禮部·紀曉嵐 | alloc=0.0 reserved=0.0 nvidia=7705 MB | seg_dur=4.33s cursor=74.2s
[drama] >>> synth start seg 7/17 禮部·紀曉嵐 (voice=禮部·紀曉嵐)
[drama] <<< synth done seg 7 8.8s fallback=
[drama] 7/17 禮部·紀曉嵐 | alloc=0.0 reserved=0.0 nvidia=7705 MB | seg_dur=11.69s cursor=86.9s
[drama] >>> synth start seg 8/17 禮部·紀曉嵐 (voice=禮部·紀曉嵐)
[drama] <<< synth done seg 8 6.4s fallback=
[drama] 8/17 禮部·紀曉嵐 | alloc=0.0 reserved=0.0 nvidia=7705 MB | seg_dur=7.60s cursor=95.5s
[drama] fallback voice: 晉侯 -> 待詔·唐伯虎 (seg 9/17)
[drama] >>> synth start seg 9/17 晉侯 (voice=待詔·唐伯虎)
[drama] <<< synth done seg 9 5.6s fallback=
[drama] 9/17 晉侯 | alloc=0.0 reserved=0.0 nvidia=7575 MB | seg_dur=5.80s cursor=101.8s
[drama] fallback voice: 師曠 -> 待詔·唐伯虎 (seg 10/17)
[drama] >>> synth start seg 10/17 師曠 (voice=待詔·唐伯虎)
[drama] <<< synth done seg 10 10.1s fallback=
[drama] 10/17 師曠 | alloc=0.0 reserved=0.0 nvidia=8055 MB | seg_dur=12.83s cursor=115.1s
[drama] fallback voice: 晉侯 -> 待詔·唐伯虎 (seg 11/17)
[drama] >>> synth start seg 11/17 晉侯 (voice=待詔·唐伯虎)
[drama] <<< synth done seg 11 3.4s fallback=
[drama] 11/17 晉侯 | alloc=0.0 reserved=0.0 nvidia=8055 MB | seg_dur=2.93s cursor=118.5s
[drama] fallback voice: 師曠 -> 待詔·唐伯虎 (seg 12/17)
[drama] >>> synth start seg 12/17 師曠 (voice=待詔·唐伯虎)
[drama] <<< synth done seg 12 4.5s fallback=
[drama] 12/17 師曠 | alloc=0.0 reserved=0.0 nvidia=8055 MB | seg_dur=4.81s cursor=123.8s
[drama] >>> synth start seg 13/17 禮部·紀曉嵐 (voice=禮部·紀曉嵐)
[drama] <<< synth done seg 13 3.9s fallback=
[drama] 13/17 禮部·紀曉嵐 | alloc=0.0 reserved=0.0 nvidia=7281 MB | seg_dur=4.05s cursor=128.9s
[drama] >>> synth start seg 14/17 禮部·紀曉嵐 (voice=禮部·紀曉嵐)
[drama] <<< synth done seg 14 4.5s fallback=
[drama] 14/17 禮部·紀曉嵐 | alloc=0.0 reserved=0.0 nvidia=7341 MB | seg_dur=5.20s cursor=135.1s
[drama] >>> synth start seg 15/17 待詔·唐伯虎 (voice=待詔·唐伯虎)
[drama] <<< synth done seg 15 45.0s fallback=
[drama] 15/17 待詔·唐伯虎 | alloc=0.0 reserved=0.0 nvidia=7939 MB | seg_dur=64.39s cursor=200.0s
[drama] >>> synth start seg 16/17 御史·魏徵 (voice=御史·魏徵)
[drama] <<< synth done seg 16 36.2s fallback=
[drama] 16/17 御史·魏徵 | alloc=0.0 reserved=0.0 nvidia=8013 MB | seg_dur=52.92s cursor=253.4s
[drama] >>> synth start seg 17/17 待詔·唐伯虎 (voice=待詔·唐伯虎)
[drama] <<< synth done seg 17 10.2s fallback=
[drama] 17/17 待詔·唐伯虎 | alloc=0.0 reserved=0.0 nvidia=7925 MB | seg_dur=13.02s cursor=266.4s
[drama] checkpoint 已清理：/home/hermes01/projects/VoxCPM/test_output/voice_bot/checkpoint_1778058572214
[drama-cache] ✅ 快取已寫入 851ea14203d5（17 段）
[aist#0:0/pcm_s16le @ 0x588963aa5380] Guessed Channel Layout: mono
Multiple -ac options specified for stream 0, only the last option '-ac 2' will be used.
Multiple -ar options specified for stream 0, only the last option '-ar 48000' will be used.
[2026-05-06 17:16:05] [ERROR   ] discord.voice_state: Disconnected from voice... Reconnecting in 1.49s.
Traceback (most recent call last):
  File "/home/hermes01/projects/VoxCPM/venv/lib/python3.11/site-packages/discord/voice_state.py", line 671, in _poll_voice_ws
    await self.ws.poll_event()
  File "/home/hermes01/projects/VoxCPM/venv/lib/python3.11/site-packages/discord/gateway.py", line 1164, in poll_event
    raise ConnectionClosed(self.ws, shard_id=None, code=self._close_code)
discord.errors.ConnectionClosed: Shard ID None WebSocket closed with 1006
2026-05-06 17:16:05,036 [ERROR] discord.voice_state: Disconnected from voice... Reconnecting in 1.49s.
Traceback (most recent call last):
  File "/home/hermes01/projects/VoxCPM/venv/lib/python3.11/site-packages/discord/voice_state.py", line 671, in _poll_voice_ws
    await self.ws.poll_event()
  File "/home/hermes01/projects/VoxCPM/venv/lib/python3.11/site-packages/discord/gateway.py", line 1164, in poll_event
    raise ConnectionClosed(self.ws, shard_id=None, code=self._close_code)
discord.errors.ConnectionClosed: Shard ID None WebSocket closed with 1006
[2026-05-06 17:16:06] [INFO    ] discord.voice_state: The voice handshake is being terminated for Channel ID 1493898826677747725 (Guild ID 1493898826182824127)
2026-05-06 17:16:06,529 [INFO] discord.voice_state: The voice handshake is being terminated for Channel ID 1493898826677747725 (Guild ID 1493898826182824127)
[2026-05-06 17:16:06] [INFO    ] discord.voice_state: Connecting to voice...
2026-05-06 17:16:06,529 [INFO] discord.voice_state: Connecting to voice...
[2026-05-06 17:16:06] [INFO    ] discord.voice_state: Starting voice handshake... (connection attempt 1)
2026-05-06 17:16:06,529 [INFO] discord.voice_state: Starting voice handshake... (connection attempt 1)
[2026-05-06 17:16:07] [INFO    ] discord.voice_state: Voice handshake complete. Endpoint found: c-hkg10-61d50bc2.discord.media:2083
2026-05-06 17:16:07,411 [INFO] discord.voice_state: Voice handshake complete. Endpoint found: c-hkg10-61d50bc2.discord.media:2083
[2026-05-06 17:16:07] [INFO    ] discord.voice_state: Voice connection complete.
2026-05-06 17:16:07,619 [INFO] discord.voice_state: Voice connection complete.
[2026-05-06 17:16:13] [INFO    ] discord.gateway: Shard ID None has successfully RESUMED session 7e9551a4996ff1b37a2bfe0809e7ebb2.
2026-05-06 17:16:13,016 [INFO] discord.gateway: Shard ID None has successfully RESUMED session 7e9551a4996ff1b37a2bfe0809e7ebb2.
[2026-05-06 17:17:14] [INFO    ] discord.player: ffmpeg process 262666 successfully terminated with return code of 0.
2026-05-06 17:17:14,200 [INFO] discord.player: ffmpeg process 262666 successfully terminated with return code of 0.
🚀 鼎勝王朝語音 Bot 啟動中...
📦 雙引擎模式：IndexTTS2（預設）/ VoxCPM2 / Edge TTS
💡 模型按需載入，啟動時零 VRAM
[2026-05-06 17:17:26] [INFO    ] discord.client: logging in using static token
2026-05-06 17:17:26,024 [INFO] discord.client: logging in using static token
[2026-05-06 17:17:27] [INFO    ] discord.gateway: Shard ID None has connected to Gateway (Session ID: 407b30f3f6ef426b02f1f6f5ead144da).
2026-05-06 17:17:27,232 [INFO] discord.gateway: Shard ID None has connected to Gateway (Session ID: 407b30f3f6ef426b02f1f6f5ead144da).
✅ 王朝語音 Bot 已上線：崴勝王朝語音Bot#7480
   輸出模式：auto
   VRAM 策略：按需載入（預設 IndexTTS2）
   當前引擎：indextts
   Slash 指令已同步：3
   ⏰ morning scheduler background task 已建立
⏰ Morning scheduler 已啟動
   🔌 內部 API 已啟動：http://127.0.0.1:8890
